"IT107","Territorio","T_D8","Tipo dato","PRAF","Presenza affitti imputati","RDPR","Fonte principale di reddito familiare ","ETA1","Classe di età del principale percettore","TIME","Seleziona periodo","Value","Flag Codes","Flags"
"IT","Italia","REDD_MEDIANO_FAM","reddito mediano annuale delle famiglie (in euro)","1","inclusi fitti imputati","9","totale","Y_UN35","fino a 35 anni","2021","2021",28104,,
"IT","Italia","REDD_MEDIO_FAM","reddito medio annuale delle famiglie (in euro)","1","inclusi fitti imputati","9","totale","Y_UN35","fino a 35 anni","2021","2021",33868,,
"IT","Italia","REDD_MEDIANO_FAM","reddito mediano annuale delle famiglie (in euro)","2","esclusi fitti imputati","1","lavoro dipendente","Y_UN35","fino a 35 anni","2021","2021",27473,,
"IT","Italia","REDD_MEDIO_FAM","reddito medio annuale delle famiglie (in euro)","2","esclusi fitti imputati","1","lavoro dipendente","Y_UN35","fino a 35 anni","2021","2021",32063,,
"IT","Italia","REDD_MEDIANO_FAM","reddito mediano annuale delle famiglie (in euro)","2","esclusi fitti imputati","2","lavoro autonomo","Y_UN35","fino a 35 anni","2021","2021",22055,,
"IT","Italia","REDD_MEDIO_FAM","reddito medio annuale delle famiglie (in euro)","2","esclusi fitti imputati","2","lavoro autonomo","Y_UN35","fino a 35 anni","2021","2021",30859,,
"IT","Italia","REDD_MEDIANO_FAM","reddito mediano annuale delle famiglie (in euro)","2","esclusi fitti imputati","3","pensioni e trasferimenti pubblici","Y_UN35","fino a 35 anni","2021","2021",15171,,
"IT","Italia","REDD_MEDIO_FAM","reddito medio annuale delle famiglie (in euro)","2","esclusi fitti imputati","3","pensioni e trasferimenti pubblici","Y_UN35","fino a 35 anni","2021","2021",22913,,
"IT","Italia","REDD_MEDIANO_FAM","reddito mediano annuale delle famiglie (in euro)","2","esclusi fitti imputati","4","altro ","Y_UN35","fino a 35 anni","2021","2021",14934,"n","dato statisticamente non significativo (vedasi metadati di dataset)"
"IT","Italia","REDD_MEDIO_FAM","reddito medio annuale delle famiglie (in euro)","2","esclusi fitti imputati","4","altro ","Y_UN35","fino a 35 anni","2021","2021",18011,"n","dato statisticamente non significativo (vedasi metadati di dataset)"
"IT","Italia","REDD_MEDIANO_FAM","reddito mediano annuale delle famiglie (in euro)","2","esclusi fitti imputati","9","totale","Y_UN35","fino a 35 anni","2021","2021",24336,,
"IT","Italia","REDD_MEDIO_FAM","reddito medio annuale delle famiglie (in euro)","2","esclusi fitti imputati","9","totale","Y_UN35","fino a 35 anni","2021","2021",29866,,
"ITC","Nord-ovest","REDD_MEDIANO_FAM","reddito mediano annuale delle famiglie (in euro)","1","inclusi fitti imputati","9","totale","Y_UN35","fino a 35 anni","2021","2021",30058,,
"ITC","Nord-ovest","REDD_MEDIO_FAM","reddito medio annuale delle famiglie (in euro)","1","inclusi fitti imputati","9","totale","Y_UN35","fino a 35 anni","2021","2021",37935,,
"ITC","Nord-ovest","REDD_MEDIANO_FAM","reddito mediano annuale delle famiglie (in euro)","2","esclusi fitti imputati","9","totale","Y_UN35","fino a 35 anni","2021","2021",26960,,
"ITC","Nord-ovest","REDD_MEDIO_FAM","reddito medio annuale delle famiglie (in euro)","2","esclusi fitti imputati","9","totale","Y_UN35","fino a 35 anni","2021","2021",33796,,
"ITD","Nord-est","REDD_MEDIANO_FAM","reddito mediano annuale delle famiglie (in euro)","1","inclusi fitti imputati","9","totale","Y_UN35","fino a 35 anni","2021","2021",32355,,
"ITD","Nord-est","REDD_MEDIO_FAM","reddito medio annuale delle famiglie (in euro)","1","inclusi fitti imputati","9","totale","Y_UN35","fino a 35 anni","2021","2021",38792,,
"ITD","Nord-est","REDD_MEDIANO_FAM","reddito mediano annuale delle famiglie (in euro)","2","esclusi fitti imputati","9","totale","Y_UN35","fino a 35 anni","2021","2021",28104,,
"ITD","Nord-est","REDD_MEDIO_FAM","reddito medio annuale delle famiglie (in euro)","2","esclusi fitti imputati","9","totale","Y_UN35","fino a 35 anni","2021","2021",34486,,
"ITE","Centro","REDD_MEDIANO_FAM","reddito mediano annuale delle famiglie (in euro)","1","inclusi fitti imputati","9","totale","Y_UN35","fino a 35 anni","2021","2021",28623,,
"ITE","Centro","REDD_MEDIO_FAM","reddito medio annuale delle famiglie (in euro)","1","inclusi fitti imputati","9","totale","Y_UN35","fino a 35 anni","2021","2021",33057,,
"ITE","Centro","REDD_MEDIANO_FAM","reddito mediano annuale delle famiglie (in euro)","2","esclusi fitti imputati","9","totale","Y_UN35","fino a 35 anni","2021","2021",22721,,
"ITE","Centro","REDD_MEDIO_FAM","reddito medio annuale delle famiglie (in euro)","2","esclusi fitti imputati","9","totale","Y_UN35","fino a 35 anni","2021","2021",28599,,
"ITF","Sud","REDD_MEDIANO_FAM","reddito mediano annuale delle famiglie (in euro)","1","inclusi fitti imputati","9","totale","Y_UN35","fino a 35 anni","2021","2021",25275,,
"ITF","Sud","REDD_MEDIO_FAM","reddito medio annuale delle famiglie (in euro)","1","inclusi fitti imputati","9","totale","Y_UN35","fino a 35 anni","2021","2021",30208,,
"ITF","Sud","REDD_MEDIANO_FAM","reddito mediano annuale delle famiglie (in euro)","2","esclusi fitti imputati","9","totale","Y_UN35","fino a 35 anni","2021","2021",22127,,
"ITF","Sud","REDD_MEDIO_FAM","reddito medio annuale delle famiglie (in euro)","2","esclusi fitti imputati","9","totale","Y_UN35","fino a 35 anni","2021","2021",27065,,
"ITG","Isole","REDD_MEDIANO_FAM","reddito mediano annuale delle famiglie (in euro)","1","inclusi fitti imputati","9","totale","Y_UN35","fino a 35 anni","2021","2021",19500,,
"ITG","Isole","REDD_MEDIO_FAM","reddito medio annuale delle famiglie (in euro)","1","inclusi fitti imputati","9","totale","Y_UN35","fino a 35 anni","2021","2021",24028,,
"ITG","Isole","REDD_MEDIANO_FAM","reddito mediano annuale delle famiglie (in euro)","2","esclusi fitti imputati","9","totale","Y_UN35","fino a 35 anni","2021","2021",16188,,
"ITG","Isole","REDD_MEDIO_FAM","reddito medio annuale delle famiglie (in euro)","2","esclusi fitti imputati","9","totale","Y_UN35","fino a 35 anni","2021","2021",19995,,
"IT","Italia","REDD_MEDIANO_FAM","reddito mediano annuale delle famiglie (in euro)","1","inclusi fitti imputati","9","totale","Y35-44","35-44 anni","2021","2021",34168,,
"IT","Italia","REDD_MEDIO_FAM","reddito medio annuale delle famiglie (in euro)","1","inclusi fitti imputati","9","totale","Y35-44","35-44 anni","2021","2021",39522,,
"IT","Italia","REDD_MEDIANO_FAM","reddito mediano annuale delle famiglie (in euro)","2","esclusi fitti imputati","1","lavoro dipendente","Y35-44","35-44 anni","2021","2021",30938,,
"IT","Italia","REDD_MEDIO_FAM","reddito medio annuale delle famiglie (in euro)","2","esclusi fitti imputati","1","lavoro dipendente","Y35-44","35-44 anni","2021","2021",35879,,
"IT","Italia","REDD_MEDIANO_FAM","reddito mediano annuale delle famiglie (in euro)","2","esclusi fitti imputati","2","lavoro autonomo","Y35-44","35-44 anni","2021","2021",34249,,
"IT","Italia","REDD_MEDIO_FAM","reddito medio annuale delle famiglie (in euro)","2","esclusi fitti imputati","2","lavoro autonomo","Y35-44","35-44 anni","2021","2021",40632,,
"IT","Italia","REDD_MEDIANO_FAM","reddito mediano annuale delle famiglie (in euro)","2","esclusi fitti imputati","3","pensioni e trasferimenti pubblici","Y35-44","35-44 anni","2021","2021",21760,,
"IT","Italia","REDD_MEDIO_FAM","reddito medio annuale delle famiglie (in euro)","2","esclusi fitti imputati","3","pensioni e trasferimenti pubblici","Y35-44","35-44 anni","2021","2021",24678,,
"IT","Italia","REDD_MEDIANO_FAM","reddito mediano annuale delle famiglie (in euro)","2","esclusi fitti imputati","4","altro ","Y35-44","35-44 anni","2021","2021",18096,"n","dato statisticamente non significativo (vedasi metadati di dataset)"
"IT","Italia","REDD_MEDIO_FAM","reddito medio annuale delle famiglie (in euro)","2","esclusi fitti imputati","4","altro ","Y35-44","35-44 anni","2021","2021",18888,"n","dato statisticamente non significativo (vedasi metadati di dataset)"
"IT","Italia","REDD_MEDIANO_FAM","reddito mediano annuale delle famiglie (in euro)","2","esclusi fitti imputati","9","totale","Y35-44","35-44 anni","2021","2021",29627,,
"IT","Italia","REDD_MEDIO_FAM","reddito medio annuale delle famiglie (in euro)","2","esclusi fitti imputati","9","totale","Y35-44","35-44 anni","2021","2021",35185,,
"ITC","Nord-ovest","REDD_MEDIANO_FAM","reddito mediano annuale delle famiglie (in euro)","1","inclusi fitti imputati","9","totale","Y35-44","35-44 anni","2021","2021",37281,,
"ITC","Nord-ovest","REDD_MEDIO_FAM","reddito medio annuale delle famiglie (in euro)","1","inclusi fitti imputati","9","totale","Y35-44","35-44 anni","2021","2021",46029,,
"ITC","Nord-ovest","REDD_MEDIANO_FAM","reddito mediano annuale delle famiglie (in euro)","2","esclusi fitti imputati","9","totale","Y35-44","35-44 anni","2021","2021",33017,,
"ITC","Nord-ovest","REDD_MEDIO_FAM","reddito medio annuale delle famiglie (in euro)","2","esclusi fitti imputati","9","totale","Y35-44","35-44 anni","2021","2021",41845,,
"ITD","Nord-est","REDD_MEDIANO_FAM","reddito mediano annuale delle famiglie (in euro)","1","inclusi fitti imputati","9","totale","Y35-44","35-44 anni","2021","2021",42940,,
"ITD","Nord-est","REDD_MEDIO_FAM","reddito medio annuale delle famiglie (in euro)","1","inclusi fitti imputati","9","totale","Y35-44","35-44 anni","2021","2021",45358,,
"ITD","Nord-est","REDD_MEDIANO_FAM","reddito mediano annuale delle famiglie (in euro)","2","esclusi fitti imputati","9","totale","Y35-44","35-44 anni","2021","2021",37392,,
"ITD","Nord-est","REDD_MEDIO_FAM","reddito medio annuale delle famiglie (in euro)","2","esclusi fitti imputati","9","totale","Y35-44","35-44 anni","2021","2021",40122,,
"ITE","Centro","REDD_MEDIANO_FAM","reddito mediano annuale delle famiglie (in euro)","1","inclusi fitti imputati","9","totale","Y35-44","35-44 anni","2021","2021",35933,,
"ITE","Centro","REDD_MEDIO_FAM","reddito medio annuale delle famiglie (in euro)","1","inclusi fitti imputati","9","totale","Y35-44","35-44 anni","2021","2021",38576,,
"ITE","Centro","REDD_MEDIANO_FAM","reddito mediano annuale delle famiglie (in euro)","2","esclusi fitti imputati","9","totale","Y35-44","35-44 anni","2021","2021",32366,,
"ITE","Centro","REDD_MEDIO_FAM","reddito medio annuale delle famiglie (in euro)","2","esclusi fitti imputati","9","totale","Y35-44","35-44 anni","2021","2021",34076,,
"ITF","Sud","REDD_MEDIANO_FAM","reddito mediano annuale delle famiglie (in euro)","1","inclusi fitti imputati","9","totale","Y35-44","35-44 anni","2021","2021",27192,,
"ITF","Sud","REDD_MEDIO_FAM","reddito medio annuale delle famiglie (in euro)","1","inclusi fitti imputati","9","totale","Y35-44","35-44 anni","2021","2021",30211,,
"ITF","Sud","REDD_MEDIANO_FAM","reddito mediano annuale delle famiglie (in euro)","2","esclusi fitti imputati","9","totale","Y35-44","35-44 anni","2021","2021",23051,,
"ITF","Sud","REDD_MEDIO_FAM","reddito medio annuale delle famiglie (in euro)","2","esclusi fitti imputati","9","totale","Y35-44","35-44 anni","2021","2021",26665,,
"ITG","Isole","REDD_MEDIANO_FAM","reddito mediano annuale delle famiglie (in euro)","1","inclusi fitti imputati","9","totale","Y35-44","35-44 anni","2021","2021",29845,,
"ITG","Isole","REDD_MEDIO_FAM","reddito medio annuale delle famiglie (in euro)","1","inclusi fitti imputati","9","totale","Y35-44","35-44 anni","2021","2021",31326,,
"ITG","Isole","REDD_MEDIANO_FAM","reddito mediano annuale delle famiglie (in euro)","2","esclusi fitti imputati","9","totale","Y35-44","35-44 anni","2021","2021",23113,,
"ITG","Isole","REDD_MEDIO_FAM","reddito medio annuale delle famiglie (in euro)","2","esclusi fitti imputati","9","totale","Y35-44","35-44 anni","2021","2021",26874,,
"IT","Italia","REDD_MEDIANO_FAM","reddito mediano annuale delle famiglie (in euro)","1","inclusi fitti imputati","9","totale","Y45-54","45-54 anni","2021","2021",36717,,
"IT","Italia","REDD_MEDIO_FAM","reddito medio annuale delle famiglie (in euro)","1","inclusi fitti imputati","9","totale","Y45-54","45-54 anni","2021","2021",41853,,
"IT","Italia","REDD_MEDIANO_FAM","reddito mediano annuale delle famiglie (in euro)","2","esclusi fitti imputati","1","lavoro dipendente","Y45-54","45-54 anni","2021","2021",32657,,
"IT","Italia","REDD_MEDIO_FAM","reddito medio annuale delle famiglie (in euro)","2","esclusi fitti imputati","1","lavoro dipendente","Y45-54","45-54 anni","2021","2021",37309,,
"IT","Italia","REDD_MEDIANO_FAM","reddito mediano annuale delle famiglie (in euro)","2","esclusi fitti imputati","2","lavoro autonomo","Y45-54","45-54 anni","2021","2021",33521,,
"IT","Italia","REDD_MEDIO_FAM","reddito medio annuale delle famiglie (in euro)","2","esclusi fitti imputati","2","lavoro autonomo","Y45-54","45-54 anni","2021","2021",46286,,
"IT","Italia","REDD_MEDIANO_FAM","reddito mediano annuale delle famiglie (in euro)","2","esclusi fitti imputati","3","pensioni e trasferimenti pubblici","Y45-54","45-54 anni","2021","2021",19998,,
"IT","Italia","REDD_MEDIO_FAM","reddito medio annuale delle famiglie (in euro)","2","esclusi fitti imputati","3","pensioni e trasferimenti pubblici","Y45-54","45-54 anni","2021","2021",26085,,
"IT","Italia","REDD_MEDIANO_FAM","reddito mediano annuale delle famiglie (in euro)","2","esclusi fitti imputati","4","altro ","Y45-54","45-54 anni","2021","2021",6887,,
"IT","Italia","REDD_MEDIO_FAM","reddito medio annuale delle famiglie (in euro)","2","esclusi fitti imputati","4","altro ","Y45-54","45-54 anni","2021","2021",12757,,
"IT","Italia","REDD_MEDIANO_FAM","reddito mediano annuale delle famiglie (in euro)","2","esclusi fitti imputati","9","totale","Y45-54","45-54 anni","2021","2021",31280,,
"IT","Italia","REDD_MEDIO_FAM","reddito medio annuale delle famiglie (in euro)","2","esclusi fitti imputati","9","totale","Y45-54","45-54 anni","2021","2021",36786,,
"ITC","Nord-ovest","REDD_MEDIANO_FAM","reddito mediano annuale delle famiglie (in euro)","1","inclusi fitti imputati","9","totale","Y45-54","45-54 anni","2021","2021",39867,,
"ITC","Nord-ovest","REDD_MEDIO_FAM","reddito medio annuale delle famiglie (in euro)","1","inclusi fitti imputati","9","totale","Y45-54","45-54 anni","2021","2021",47521,,
"ITC","Nord-ovest","REDD_MEDIANO_FAM","reddito mediano annuale delle famiglie (in euro)","2","esclusi fitti imputati","9","totale","Y45-54","45-54 anni","2021","2021",34128,,
"ITC","Nord-ovest","REDD_MEDIO_FAM","reddito medio annuale delle famiglie (in euro)","2","esclusi fitti imputati","9","totale","Y45-54","45-54 anni","2021","2021",41966,,
"ITD","Nord-est","REDD_MEDIANO_FAM","reddito mediano annuale delle famiglie (in euro)","1","inclusi fitti imputati","9","totale","Y45-54","45-54 anni","2021","2021",44406,,
"ITD","Nord-est","REDD_MEDIO_FAM","reddito medio annuale delle famiglie (in euro)","1","inclusi fitti imputati","9","totale","Y45-54","45-54 anni","2021","2021",48760,,
"ITD","Nord-est","REDD_MEDIANO_FAM","reddito mediano annuale delle famiglie (in euro)","2","esclusi fitti imputati","9","totale","Y45-54","45-54 anni","2021","2021",38533,,
"ITD","Nord-est","REDD_MEDIO_FAM","reddito medio annuale delle famiglie (in euro)","2","esclusi fitti imputati","9","totale","Y45-54","45-54 anni","2021","2021",43227,,
"ITE","Centro","REDD_MEDIANO_FAM","reddito mediano annuale delle famiglie (in euro)","1","inclusi fitti imputati","9","totale","Y45-54","45-54 anni","2021","2021",38305,,
"ITE","Centro","REDD_MEDIO_FAM","reddito medio annuale delle famiglie (in euro)","1","inclusi fitti imputati","9","totale","Y45-54","45-54 anni","2021","2021",41907,,
"ITE","Centro","REDD_MEDIANO_FAM","reddito mediano annuale delle famiglie (in euro)","2","esclusi fitti imputati","9","totale","Y45-54","45-54 anni","2021","2021",31381,,
"ITE","Centro","REDD_MEDIO_FAM","reddito medio annuale delle famiglie (in euro)","2","esclusi fitti imputati","9","totale","Y45-54","45-54 anni","2021","2021",36229,,
"ITF","Sud","REDD_MEDIANO_FAM","reddito mediano annuale delle famiglie (in euro)","1","inclusi fitti imputati","9","totale","Y45-54","45-54 anni","2021","2021",29824,,
"ITF","Sud","REDD_MEDIO_FAM","reddito medio annuale delle famiglie (in euro)","1","inclusi fitti imputati","9","totale","Y45-54","45-54 anni","2021","2021",32603,,
"ITF","Sud","REDD_MEDIANO_FAM","reddito mediano annuale delle famiglie (in euro)","2","esclusi fitti imputati","9","totale","Y45-54","45-54 anni","2021","2021",25761,,
"ITF","Sud","REDD_MEDIO_FAM","reddito medio annuale delle famiglie (in euro)","2","esclusi fitti imputati","9","totale","Y45-54","45-54 anni","2021","2021",28787,,
"ITG","Isole","REDD_MEDIANO_FAM","reddito mediano annuale delle famiglie (in euro)","1","inclusi fitti imputati","9","totale","Y45-54","45-54 anni","2021","2021",29925,,
"ITG","Isole","REDD_MEDIO_FAM","reddito medio annuale delle famiglie (in euro)","1","inclusi fitti imputati","9","totale","Y45-54","45-54 anni","2021","2021",31235,,
"ITG","Isole","REDD_MEDIANO_FAM","reddito mediano annuale delle famiglie (in euro)","2","esclusi fitti imputati","9","totale","Y45-54","45-54 anni","2021","2021",25976,,
"ITG","Isole","REDD_MEDIO_FAM","reddito medio annuale delle famiglie (in euro)","2","esclusi fitti imputati","9","totale","Y45-54","45-54 anni","2021","2021",27064,,
"IT","Italia","REDD_MEDIANO_FAM","reddito mediano annuale delle famiglie (in euro)","1","inclusi fitti imputati","9","totale","Y55-64","55-64 anni","2021","2021",38260,,
"IT","Italia","REDD_MEDIO_FAM","reddito medio annuale delle famiglie (in euro)","1","inclusi fitti imputati","9","totale","Y55-64","55-64 anni","2021","2021",45732,,
"IT","Italia","REDD_MEDIANO_FAM","reddito mediano annuale delle famiglie (in euro)","2","esclusi fitti imputati","1","lavoro dipendente","Y55-64","55-64 anni","2021","2021",36640,,
"IT","Italia","REDD_MEDIO_FAM","reddito medio annuale delle famiglie (in euro)","2","esclusi fitti imputati","1","lavoro dipendente","Y55-64","55-64 anni","2021","2021",42253,,
"IT","Italia","REDD_MEDIANO_FAM","reddito mediano annuale delle famiglie (in euro)","2","esclusi fitti imputati","2","lavoro autonomo","Y55-64","55-64 anni","2021","2021",35266,,
"IT","Italia","REDD_MEDIO_FAM","reddito medio annuale delle famiglie (in euro)","2","esclusi fitti imputati","2","lavoro autonomo","Y55-64","55-64 anni","2021","2021",46533,,
"IT","Italia","REDD_MEDIANO_FAM","reddito mediano annuale delle famiglie (in euro)","2","esclusi fitti imputati","3","pensioni e trasferimenti pubblici","Y55-64","55-64 anni","2021","2021",25270,,
"IT","Italia","REDD_MEDIO_FAM","reddito medio annuale delle famiglie (in euro)","2","esclusi fitti imputati","3","pensioni e trasferimenti pubblici","Y55-64","55-64 anni","2021","2021",35509,,
"IT","Italia","REDD_MEDIANO_FAM","reddito mediano annuale delle famiglie (in euro)","2","esclusi fitti imputati","4","altro ","Y55-64","55-64 anni","2021","2021",10863,,
"IT","Italia","REDD_MEDIO_FAM","reddito medio annuale delle famiglie (in euro)","2","esclusi fitti imputati","4","altro ","Y55-64","55-64 anni","2021","2021",15786,,
"IT","Italia","REDD_MEDIANO_FAM","reddito mediano annuale delle famiglie (in euro)","2","esclusi fitti imputati","9","totale","Y55-64","55-64 anni","2021","2021",32487,,
"IT","Italia","REDD_MEDIO_FAM","reddito medio annuale delle famiglie (in euro)","2","esclusi fitti imputati","9","totale","Y55-64","55-64 anni","2021","2021",40012,,
"ITC","Nord-ovest","REDD_MEDIANO_FAM","reddito mediano annuale delle famiglie (in euro)","1","inclusi fitti imputati","9","totale","Y55-64","55-64 anni","2021","2021",43085,,
"ITC","Nord-ovest","REDD_MEDIO_FAM","reddito medio annuale delle famiglie (in euro)","1","inclusi fitti imputati","9","totale","Y55-64","55-64 anni","2021","2021",49812,,
"ITC","Nord-ovest","REDD_MEDIANO_FAM","reddito mediano annuale delle famiglie (in euro)","2","esclusi fitti imputati","9","totale","Y55-64","55-64 anni","2021","2021",35570,,
"ITC","Nord-ovest","REDD_MEDIO_FAM","reddito medio annuale delle famiglie (in euro)","2","esclusi fitti imputati","9","totale","Y55-64","55-64 anni","2021","2021",43556,,
"ITD","Nord-est","REDD_MEDIANO_FAM","reddito mediano annuale delle famiglie (in euro)","1","inclusi fitti imputati","9","totale","Y55-64","55-64 anni","2021","2021",46347,,
"ITD","Nord-est","REDD_MEDIO_FAM","reddito medio annuale delle famiglie (in euro)","1","inclusi fitti imputati","9","totale","Y55-64","55-64 anni","2021","2021",54568,,
"ITD","Nord-est","REDD_MEDIANO_FAM","reddito mediano annuale delle famiglie (in euro)","2","esclusi fitti imputati","9","totale","Y55-64","55-64 anni","2021","2021",40179,,
"ITD","Nord-est","REDD_MEDIO_FAM","reddito medio annuale delle famiglie (in euro)","2","esclusi fitti imputati","9","totale","Y55-64","55-64 anni","2021","2021",48170,,
"ITE","Centro","REDD_MEDIANO_FAM","reddito mediano annuale delle famiglie (in euro)","1","inclusi fitti imputati","9","totale","Y55-64","55-64 anni","2021","2021",38389,,
"ITE","Centro","REDD_MEDIO_FAM","reddito medio annuale delle famiglie (in euro)","1","inclusi fitti imputati","9","totale","Y55-64","55-64 anni","2021","2021",46217,,
"ITE","Centro","REDD_MEDIANO_FAM","reddito mediano annuale delle famiglie (in euro)","2","esclusi fitti imputati","9","totale","Y55-64","55-64 anni","2021","2021",32109,,
"ITE","Centro","REDD_MEDIO_FAM","reddito medio annuale delle famiglie (in euro)","2","esclusi fitti imputati","9","totale","Y55-64","55-64 anni","2021","2021",40001,,
"ITF","Sud","REDD_MEDIANO_FAM","reddito mediano annuale delle famiglie (in euro)","1","inclusi fitti imputati","9","totale","Y55-64","55-64 anni","2021","2021",30937,,
"ITF","Sud","REDD_MEDIO_FAM","reddito medio annuale delle famiglie (in euro)","1","inclusi fitti imputati","9","totale","Y55-64","55-64 anni","2021","2021",35703,,
"ITF","Sud","REDD_MEDIANO_FAM","reddito mediano annuale delle famiglie (in euro)","2","esclusi fitti imputati","9","totale","Y55-64","55-64 anni","2021","2021",26850,,
"ITF","Sud","REDD_MEDIO_FAM","reddito medio annuale delle famiglie (in euro)","2","esclusi fitti imputati","9","totale","Y55-64","55-64 anni","2021","2021",31573,,
"ITG","Isole","REDD_MEDIANO_FAM","reddito mediano annuale delle famiglie (in euro)","1","inclusi fitti imputati","9","totale","Y55-64","55-64 anni","2021","2021",33560,,
"ITG","Isole","REDD_MEDIO_FAM","reddito medio annuale delle famiglie (in euro)","1","inclusi fitti imputati","9","totale","Y55-64","55-64 anni","2021","2021",36074,,
"ITG","Isole","REDD_MEDIANO_FAM","reddito mediano annuale delle famiglie (in euro)","2","esclusi fitti imputati","9","totale","Y55-64","55-64 anni","2021","2021",28416,,
"ITG","Isole","REDD_MEDIO_FAM","reddito medio annuale delle famiglie (in euro)","2","esclusi fitti imputati","9","totale","Y55-64","55-64 anni","2021","2021",31113,,
"IT","Italia","REDD_MEDIANO_FAM","reddito mediano annuale delle famiglie (in euro)","1","inclusi fitti imputati","9","totale","Y_GE65","65 anni e più","2021","2021",28312,,
"IT","Italia","REDD_MEDIO_FAM","reddito medio annuale delle famiglie (in euro)","1","inclusi fitti imputati","9","totale","Y_GE65","65 anni e più","2021","2021",35304,,
"IT","Italia","REDD_MEDIANO_FAM","reddito mediano annuale delle famiglie (in euro)","2","esclusi fitti imputati","1","lavoro dipendente","Y_GE65","65 anni e più","2021","2021",31080,,
"IT","Italia","REDD_MEDIO_FAM","reddito medio annuale delle famiglie (in euro)","2","esclusi fitti imputati","1","lavoro dipendente","Y_GE65","65 anni e più","2021","2021",40838,,
"IT","Italia","REDD_MEDIANO_FAM","reddito mediano annuale delle famiglie (in euro)","2","esclusi fitti imputati","2","lavoro autonomo","Y_GE65","65 anni e più","2021","2021",48399,,
"IT","Italia","REDD_MEDIO_FAM","reddito medio annuale delle famiglie (in euro)","2","esclusi fitti imputati","2","lavoro autonomo","Y_GE65","65 anni e più","2021","2021",72122,,
"IT","Italia","REDD_MEDIANO_FAM","reddito mediano annuale delle famiglie (in euro)","2","esclusi fitti imputati","3","pensioni e trasferimenti pubblici","Y_GE65","65 anni e più","2021","2021",22021,,
"IT","Italia","REDD_MEDIO_FAM","reddito medio annuale delle famiglie (in euro)","2","esclusi fitti imputati","3","pensioni e trasferimenti pubblici","Y_GE65","65 anni e più","2021","2021",27619,,
"IT","Italia","REDD_MEDIANO_FAM","reddito mediano annuale delle famiglie (in euro)","2","esclusi fitti imputati","4","altro ","Y_GE65","65 anni e più","2021","2021",22343,,
"IT","Italia","REDD_MEDIO_FAM","reddito medio annuale delle famiglie (in euro)","2","esclusi fitti imputati","4","altro ","Y_GE65","65 anni e più","2021","2021",25975,,
"IT","Italia","REDD_MEDIANO_FAM","reddito mediano annuale delle famiglie (in euro)","2","esclusi fitti imputati","9","totale","Y_GE65","65 anni e più","2021","2021",22388,,
"IT","Italia","REDD_MEDIO_FAM","reddito medio annuale delle famiglie (in euro)","2","esclusi fitti imputati","9","totale","Y_GE65","65 anni e più","2021","2021",29136,,
"ITC","Nord-ovest","REDD_MEDIANO_FAM","reddito mediano annuale delle famiglie (in euro)","1","inclusi fitti imputati","9","totale","Y_GE65","65 anni e più","2021","2021",29687,,
"ITC","Nord-ovest","REDD_MEDIO_FAM","reddito medio annuale delle famiglie (in euro)","1","inclusi fitti imputati","9","totale","Y_GE65","65 anni e più","2021","2021",37491,,
"ITC","Nord-ovest","REDD_MEDIANO_FAM","reddito mediano annuale delle famiglie (in euro)","2","esclusi fitti imputati","9","totale","Y_GE65","65 anni e più","2021","2021",23181,,
"ITC","Nord-ovest","REDD_MEDIO_FAM","reddito medio annuale delle famiglie (in euro)","2","esclusi fitti imputati","9","totale","Y_GE65","65 anni e più","2021","2021",30821,,
"ITD","Nord-est","REDD_MEDIANO_FAM","reddito mediano annuale delle famiglie (in euro)","1","inclusi fitti imputati","9","totale","Y_GE65","65 anni e più","2021","2021",29658,,
"ITD","Nord-est","REDD_MEDIO_FAM","reddito medio annuale delle famiglie (in euro)","1","inclusi fitti imputati","9","totale","Y_GE65","65 anni e più","2021","2021",37081,,
"ITD","Nord-est","REDD_MEDIANO_FAM","reddito mediano annuale delle famiglie (in euro)","2","esclusi fitti imputati","9","totale","Y_GE65","65 anni e più","2021","2021",23100,,
"ITD","Nord-est","REDD_MEDIO_FAM","reddito medio annuale delle famiglie (in euro)","2","esclusi fitti imputati","9","totale","Y_GE65","65 anni e più","2021","2021",30177,,
"ITE","Centro","REDD_MEDIANO_FAM","reddito mediano annuale delle famiglie (in euro)","1","inclusi fitti imputati","9","totale","Y_GE65","65 anni e più","2021","2021",32306,,
"ITE","Centro","REDD_MEDIO_FAM","reddito medio annuale delle famiglie (in euro)","1","inclusi fitti imputati","9","totale","Y_GE65","65 anni e più","2021","2021",39262,,
"ITE","Centro","REDD_MEDIANO_FAM","reddito mediano annuale delle famiglie (in euro)","2","esclusi fitti imputati","9","totale","Y_GE65","65 anni e più","2021","2021",25194,,
"ITE","Centro","REDD_MEDIO_FAM","reddito medio annuale delle famiglie (in euro)","2","esclusi fitti imputati","9","totale","Y_GE65","65 anni e più","2021","2021",32210,,
"ITF","Sud","REDD_MEDIANO_FAM","reddito mediano annuale delle famiglie (in euro)","1","inclusi fitti imputati","9","totale","Y_GE65","65 anni e più","2021","2021",24022,,
"ITF","Sud","REDD_MEDIO_FAM","reddito medio annuale delle famiglie (in euro)","1","inclusi fitti imputati","9","totale","Y_GE65","65 anni e più","2021","2021",29718,,
"ITF","Sud","REDD_MEDIANO_FAM","reddito mediano annuale delle famiglie (in euro)","2","esclusi fitti imputati","9","totale","Y_GE65","65 anni e più","2021","2021",19953,,
"ITF","Sud","REDD_MEDIO_FAM","reddito medio annuale delle famiglie (in euro)","2","esclusi fitti imputati","9","totale","Y_GE65","65 anni e più","2021","2021",25171,,
"ITG","Isole","REDD_MEDIANO_FAM","reddito mediano annuale delle famiglie (in euro)","1","inclusi fitti imputati","9","totale","Y_GE65","65 anni e più","2021","2021",24723,,
"ITG","Isole","REDD_MEDIO_FAM","reddito medio annuale delle famiglie (in euro)","1","inclusi fitti imputati","9","totale","Y_GE65","65 anni e più","2021","2021",30558,,
"ITG","Isole","REDD_MEDIANO_FAM","reddito mediano annuale delle famiglie (in euro)","2","esclusi fitti imputati","9","totale","Y_GE65","65 anni e più","2021","2021",19554,,
"ITG","Isole","REDD_MEDIO_FAM","reddito medio annuale delle famiglie (in euro)","2","esclusi fitti imputati","9","totale","Y_GE65","65 anni e più","2021","2021",25353,,
