"IT107","Territorio","T_D8","Tipo dato","PRAF","Presenza affitti imputati","RDPR","Fonte principale di reddito familiare ","SEX1","Sesso del principale percettore ","TIME","Seleziona periodo","Value","Flag Codes","Flags"
"IT","Italia","REDD_MEDIANO_FAM","reddito mediano annuale delle famiglie (in euro)","1","inclusi fitti imputati","9","totale","1","maschi","2021","2021",34952,,
"IT","Italia","REDD_MEDIO_FAM","reddito medio annuale delle famiglie (in euro)","1","inclusi fitti imputati","9","totale","1","maschi","2021","2021",42394,,
"IT","Italia","REDD_MEDIANO_FAM","reddito mediano annuale delle famiglie (in euro)","1","inclusi fitti imputati","9","totale","2","femmine","2021","2021",27460,,
"IT","Italia","REDD_MEDIO_FAM","reddito medio annuale delle famiglie (in euro)","1","inclusi fitti imputati","9","totale","2","femmine","2021","2021",33893,,
"IT","Italia","REDD_MEDIANO_FAM","reddito mediano annuale delle famiglie (in euro)","2","esclusi fitti imputati","1","lavoro dipendente","1","maschi","2021","2021",33048,,
"IT","Italia","REDD_MEDIO_FAM","reddito medio annuale delle famiglie (in euro)","2","esclusi fitti imputati","1","lavoro dipendente","1","maschi","2021","2021",38854,,
"IT","Italia","REDD_MEDIANO_FAM","reddito mediano annuale delle famiglie (in euro)","2","esclusi fitti imputati","1","lavoro dipendente","2","femmine","2021","2021",29519,,
"IT","Italia","REDD_MEDIO_FAM","reddito medio annuale delle famiglie (in euro)","2","esclusi fitti imputati","1","lavoro dipendente","2","femmine","2021","2021",34455,,
"IT","Italia","REDD_MEDIANO_FAM","reddito mediano annuale delle famiglie (in euro)","2","esclusi fitti imputati","2","lavoro autonomo","1","maschi","2021","2021",35266,,
"IT","Italia","REDD_MEDIO_FAM","reddito medio annuale delle famiglie (in euro)","2","esclusi fitti imputati","2","lavoro autonomo","1","maschi","2021","2021",45607,,
"IT","Italia","REDD_MEDIANO_FAM","reddito mediano annuale delle famiglie (in euro)","2","esclusi fitti imputati","2","lavoro autonomo","2","femmine","2021","2021",32030,,
"IT","Italia","REDD_MEDIO_FAM","reddito medio annuale delle famiglie (in euro)","2","esclusi fitti imputati","2","lavoro autonomo","2","femmine","2021","2021",44820,,
"IT","Italia","REDD_MEDIANO_FAM","reddito mediano annuale delle famiglie (in euro)","2","esclusi fitti imputati","3","pensioni e trasferimenti pubblici","1","maschi","2021","2021",25705,,
"IT","Italia","REDD_MEDIO_FAM","reddito medio annuale delle famiglie (in euro)","2","esclusi fitti imputati","3","pensioni e trasferimenti pubblici","1","maschi","2021","2021",32776,,
"IT","Italia","REDD_MEDIANO_FAM","reddito mediano annuale delle famiglie (in euro)","2","esclusi fitti imputati","3","pensioni e trasferimenti pubblici","2","femmine","2021","2021",17607,,
"IT","Italia","REDD_MEDIO_FAM","reddito medio annuale delle famiglie (in euro)","2","esclusi fitti imputati","3","pensioni e trasferimenti pubblici","2","femmine","2021","2021",22671,,
"IT","Italia","REDD_MEDIANO_FAM","reddito mediano annuale delle famiglie (in euro)","2","esclusi fitti imputati","4","altro ","1","maschi","2021","2021",13599,,
"IT","Italia","REDD_MEDIO_FAM","reddito medio annuale delle famiglie (in euro)","2","esclusi fitti imputati","4","altro ","1","maschi","2021","2021",21482,,
"IT","Italia","REDD_MEDIANO_FAM","reddito mediano annuale delle famiglie (in euro)","2","esclusi fitti imputati","4","altro ","2","femmine","2021","2021",11862,,
"IT","Italia","REDD_MEDIO_FAM","reddito medio annuale delle famiglie (in euro)","2","esclusi fitti imputati","4","altro ","2","femmine","2021","2021",17651,,
"IT","Italia","REDD_MEDIANO_FAM","reddito mediano annuale delle famiglie (in euro)","2","esclusi fitti imputati","9","totale","1","maschi","2021","2021",29859,,
"IT","Italia","REDD_MEDIO_FAM","reddito medio annuale delle famiglie (in euro)","2","esclusi fitti imputati","9","totale","1","maschi","2021","2021",37091,,
"IT","Italia","REDD_MEDIANO_FAM","reddito mediano annuale delle famiglie (in euro)","2","esclusi fitti imputati","9","totale","2","femmine","2021","2021",22418,,
"IT","Italia","REDD_MEDIO_FAM","reddito medio annuale delle famiglie (in euro)","2","esclusi fitti imputati","9","totale","2","femmine","2021","2021",28480,,
"ITC","Nord-ovest","REDD_MEDIANO_FAM","reddito mediano annuale delle famiglie (in euro)","1","inclusi fitti imputati","9","totale","1","maschi","2021","2021",39207,,
"ITC","Nord-ovest","REDD_MEDIO_FAM","reddito medio annuale delle famiglie (in euro)","1","inclusi fitti imputati","9","totale","1","maschi","2021","2021",47799,,
"ITC","Nord-ovest","REDD_MEDIANO_FAM","reddito mediano annuale delle famiglie (in euro)","1","inclusi fitti imputati","9","totale","2","femmine","2021","2021",28342,,
"ITC","Nord-ovest","REDD_MEDIO_FAM","reddito medio annuale delle famiglie (in euro)","1","inclusi fitti imputati","9","totale","2","femmine","2021","2021",36527,,
"ITC","Nord-ovest","REDD_MEDIANO_FAM","reddito mediano annuale delle famiglie (in euro)","2","esclusi fitti imputati","9","totale","1","maschi","2021","2021",33628,,
"ITC","Nord-ovest","REDD_MEDIO_FAM","reddito medio annuale delle famiglie (in euro)","2","esclusi fitti imputati","9","totale","1","maschi","2021","2021",42031,,
"ITC","Nord-ovest","REDD_MEDIANO_FAM","reddito mediano annuale delle famiglie (in euro)","2","esclusi fitti imputati","9","totale","2","femmine","2021","2021",23675,,
"ITC","Nord-ovest","REDD_MEDIO_FAM","reddito medio annuale delle famiglie (in euro)","2","esclusi fitti imputati","9","totale","2","femmine","2021","2021",30933,,
"ITD","Nord-est","REDD_MEDIANO_FAM","reddito mediano annuale delle famiglie (in euro)","1","inclusi fitti imputati","9","totale","1","maschi","2021","2021",41421,,
"ITD","Nord-est","REDD_MEDIO_FAM","reddito medio annuale delle famiglie (in euro)","1","inclusi fitti imputati","9","totale","1","maschi","2021","2021",48435,,
"ITD","Nord-est","REDD_MEDIANO_FAM","reddito mediano annuale delle famiglie (in euro)","1","inclusi fitti imputati","9","totale","2","femmine","2021","2021",29650,,
"ITD","Nord-est","REDD_MEDIO_FAM","reddito medio annuale delle famiglie (in euro)","1","inclusi fitti imputati","9","totale","2","femmine","2021","2021",37091,,
"ITD","Nord-est","REDD_MEDIANO_FAM","reddito mediano annuale delle famiglie (in euro)","2","esclusi fitti imputati","9","totale","1","maschi","2021","2021",35265,,
"ITD","Nord-est","REDD_MEDIO_FAM","reddito medio annuale delle famiglie (in euro)","2","esclusi fitti imputati","9","totale","1","maschi","2021","2021",42468,,
"ITD","Nord-est","REDD_MEDIANO_FAM","reddito mediano annuale delle famiglie (in euro)","2","esclusi fitti imputati","9","totale","2","femmine","2021","2021",24028,,
"ITD","Nord-est","REDD_MEDIO_FAM","reddito medio annuale delle famiglie (in euro)","2","esclusi fitti imputati","9","totale","2","femmine","2021","2021",31051,,
"ITE","Centro","REDD_MEDIANO_FAM","reddito mediano annuale delle famiglie (in euro)","1","inclusi fitti imputati","9","totale","1","maschi","2021","2021",38087,,
"ITE","Centro","REDD_MEDIO_FAM","reddito medio annuale delle famiglie (in euro)","1","inclusi fitti imputati","9","totale","1","maschi","2021","2021",43849,,
"ITE","Centro","REDD_MEDIANO_FAM","reddito mediano annuale delle famiglie (in euro)","1","inclusi fitti imputati","9","totale","2","femmine","2021","2021",30557,,
"ITE","Centro","REDD_MEDIO_FAM","reddito medio annuale delle famiglie (in euro)","1","inclusi fitti imputati","9","totale","2","femmine","2021","2021",35489,,
"ITE","Centro","REDD_MEDIANO_FAM","reddito mediano annuale delle famiglie (in euro)","2","esclusi fitti imputati","9","totale","1","maschi","2021","2021",32229,,
"ITE","Centro","REDD_MEDIO_FAM","reddito medio annuale delle famiglie (in euro)","2","esclusi fitti imputati","9","totale","1","maschi","2021","2021",38058,,
"ITE","Centro","REDD_MEDIANO_FAM","reddito mediano annuale delle famiglie (in euro)","2","esclusi fitti imputati","9","totale","2","femmine","2021","2021",24000,,
"ITE","Centro","REDD_MEDIO_FAM","reddito medio annuale delle famiglie (in euro)","2","esclusi fitti imputati","9","totale","2","femmine","2021","2021",29312,,
"ITF","Sud","REDD_MEDIANO_FAM","reddito mediano annuale delle famiglie (in euro)","1","inclusi fitti imputati","9","totale","1","maschi","2021","2021",28739,,
"ITF","Sud","REDD_MEDIO_FAM","reddito medio annuale delle famiglie (in euro)","1","inclusi fitti imputati","9","totale","1","maschi","2021","2021",33403,,
"ITF","Sud","REDD_MEDIANO_FAM","reddito mediano annuale delle famiglie (in euro)","1","inclusi fitti imputati","9","totale","2","femmine","2021","2021",23011,,
"ITF","Sud","REDD_MEDIO_FAM","reddito medio annuale delle famiglie (in euro)","1","inclusi fitti imputati","9","totale","2","femmine","2021","2021",28312,,
"ITF","Sud","REDD_MEDIANO_FAM","reddito mediano annuale delle famiglie (in euro)","2","esclusi fitti imputati","9","totale","1","maschi","2021","2021",25124,,
"ITF","Sud","REDD_MEDIO_FAM","reddito medio annuale delle famiglie (in euro)","2","esclusi fitti imputati","9","totale","1","maschi","2021","2021",29423,,
"ITF","Sud","REDD_MEDIANO_FAM","reddito mediano annuale delle famiglie (in euro)","2","esclusi fitti imputati","9","totale","2","femmine","2021","2021",19340,,
"ITF","Sud","REDD_MEDIO_FAM","reddito medio annuale delle famiglie (in euro)","2","esclusi fitti imputati","9","totale","2","femmine","2021","2021",24246,,
"ITG","Isole","REDD_MEDIANO_FAM","reddito mediano annuale delle famiglie (in euro)","1","inclusi fitti imputati","9","totale","1","maschi","2021","2021",28573,,
"ITG","Isole","REDD_MEDIO_FAM","reddito medio annuale delle famiglie (in euro)","1","inclusi fitti imputati","9","totale","1","maschi","2021","2021",32548,,
"ITG","Isole","REDD_MEDIANO_FAM","reddito mediano annuale delle famiglie (in euro)","1","inclusi fitti imputati","9","totale","2","femmine","2021","2021",23540,,
"ITG","Isole","REDD_MEDIO_FAM","reddito medio annuale delle famiglie (in euro)","1","inclusi fitti imputati","9","totale","2","femmine","2021","2021",28634,,
"ITG","Isole","REDD_MEDIANO_FAM","reddito mediano annuale delle famiglie (in euro)","2","esclusi fitti imputati","9","totale","1","maschi","2021","2021",24300,,
"ITG","Isole","REDD_MEDIO_FAM","reddito medio annuale delle famiglie (in euro)","2","esclusi fitti imputati","9","totale","1","maschi","2021","2021",27939,,
"ITG","Isole","REDD_MEDIANO_FAM","reddito mediano annuale delle famiglie (in euro)","2","esclusi fitti imputati","9","totale","2","femmine","2021","2021",19153,,
"ITG","Isole","REDD_MEDIO_FAM","reddito medio annuale delle famiglie (in euro)","2","esclusi fitti imputati","9","totale","2","femmine","2021","2021",23719,,
