"IT107","Territorio","T_D8","Tipo dato","PRAF","Presenza affitti imputati","RDPR","Fonte principale di reddito familiare ","TIT_ST","Titolo di studio del principale percettore","TIME","Seleziona periodo","Value","Flag Codes","Flags"
"IT","Italia","REDD_MEDIANO_FAM","reddito mediano annuale delle famiglie (in euro)","1","inclusi fitti imputati","9","totale","3","licenza di scuola elementare, nessun titolo di studio","2021","2021",23032,,
"IT","Italia","REDD_MEDIANO_FAM","reddito mediano annuale delle famiglie (in euro)","1","inclusi fitti imputati","9","totale","4","licenza di scuola media","2021","2021",28348,,
"IT","Italia","REDD_MEDIANO_FAM","reddito mediano annuale delle famiglie (in euro)","1","inclusi fitti imputati","9","totale","7","diploma","2021","2021",35678,,
"IT","Italia","REDD_MEDIANO_FAM","reddito mediano annuale delle famiglie (in euro)","1","inclusi fitti imputati","9","totale","11","laurea e post-laurea","2021","2021",48122,,
"IT","Italia","REDD_MEDIO_FAM","reddito medio annuale delle famiglie (in euro)","1","inclusi fitti imputati","9","totale","3","licenza di scuola elementare, nessun titolo di studio","2021","2021",25327,,
"IT","Italia","REDD_MEDIO_FAM","reddito medio annuale delle famiglie (in euro)","1","inclusi fitti imputati","9","totale","4","licenza di scuola media","2021","2021",32588,,
"IT","Italia","REDD_MEDIO_FAM","reddito medio annuale delle famiglie (in euro)","1","inclusi fitti imputati","9","totale","7","diploma","2021","2021",41189,,
"IT","Italia","REDD_MEDIO_FAM","reddito medio annuale delle famiglie (in euro)","1","inclusi fitti imputati","9","totale","11","laurea e post-laurea","2021","2021",56758,,
"IT","Italia","REDD_MEDIANO_FAM","reddito mediano annuale delle famiglie (in euro)","2","esclusi fitti imputati","1","lavoro dipendente","3","licenza di scuola elementare, nessun titolo di studio","2021","2021",21012,,
"IT","Italia","REDD_MEDIANO_FAM","reddito mediano annuale delle famiglie (in euro)","2","esclusi fitti imputati","1","lavoro dipendente","4","licenza di scuola media","2021","2021",27255,,
"IT","Italia","REDD_MEDIANO_FAM","reddito mediano annuale delle famiglie (in euro)","2","esclusi fitti imputati","1","lavoro dipendente","7","diploma","2021","2021",32494,,
"IT","Italia","REDD_MEDIANO_FAM","reddito mediano annuale delle famiglie (in euro)","2","esclusi fitti imputati","1","lavoro dipendente","11","laurea e post-laurea","2021","2021",41880,,
"IT","Italia","REDD_MEDIO_FAM","reddito medio annuale delle famiglie (in euro)","2","esclusi fitti imputati","1","lavoro dipendente","3","licenza di scuola elementare, nessun titolo di studio","2021","2021",23520,,
"IT","Italia","REDD_MEDIO_FAM","reddito medio annuale delle famiglie (in euro)","2","esclusi fitti imputati","1","lavoro dipendente","4","licenza di scuola media","2021","2021",30444,,
"IT","Italia","REDD_MEDIO_FAM","reddito medio annuale delle famiglie (in euro)","2","esclusi fitti imputati","1","lavoro dipendente","7","diploma","2021","2021",36509,,
"IT","Italia","REDD_MEDIO_FAM","reddito medio annuale delle famiglie (in euro)","2","esclusi fitti imputati","1","lavoro dipendente","11","laurea e post-laurea","2021","2021",49008,,
"IT","Italia","REDD_MEDIANO_FAM","reddito mediano annuale delle famiglie (in euro)","2","esclusi fitti imputati","2","lavoro autonomo","3","licenza di scuola elementare, nessun titolo di studio","2021","2021",25978,,
"IT","Italia","REDD_MEDIANO_FAM","reddito mediano annuale delle famiglie (in euro)","2","esclusi fitti imputati","2","lavoro autonomo","4","licenza di scuola media","2021","2021",28475,,
"IT","Italia","REDD_MEDIANO_FAM","reddito mediano annuale delle famiglie (in euro)","2","esclusi fitti imputati","2","lavoro autonomo","7","diploma","2021","2021",32241,,
"IT","Italia","REDD_MEDIANO_FAM","reddito mediano annuale delle famiglie (in euro)","2","esclusi fitti imputati","2","lavoro autonomo","11","laurea e post-laurea","2021","2021",48714,,
"IT","Italia","REDD_MEDIO_FAM","reddito medio annuale delle famiglie (in euro)","2","esclusi fitti imputati","2","lavoro autonomo","3","licenza di scuola elementare, nessun titolo di studio","2021","2021",29795,,
"IT","Italia","REDD_MEDIO_FAM","reddito medio annuale delle famiglie (in euro)","2","esclusi fitti imputati","2","lavoro autonomo","4","licenza di scuola media","2021","2021",36265,,
"IT","Italia","REDD_MEDIO_FAM","reddito medio annuale delle famiglie (in euro)","2","esclusi fitti imputati","2","lavoro autonomo","7","diploma","2021","2021",40492,,
"IT","Italia","REDD_MEDIO_FAM","reddito medio annuale delle famiglie (in euro)","2","esclusi fitti imputati","2","lavoro autonomo","11","laurea e post-laurea","2021","2021",60677,,
"IT","Italia","REDD_MEDIANO_FAM","reddito mediano annuale delle famiglie (in euro)","2","esclusi fitti imputati","3","pensioni e trasferimenti pubblici","3","licenza di scuola elementare, nessun titolo di studio","2021","2021",17642,,
"IT","Italia","REDD_MEDIANO_FAM","reddito mediano annuale delle famiglie (in euro)","2","esclusi fitti imputati","3","pensioni e trasferimenti pubblici","4","licenza di scuola media","2021","2021",21159,,
"IT","Italia","REDD_MEDIANO_FAM","reddito mediano annuale delle famiglie (in euro)","2","esclusi fitti imputati","3","pensioni e trasferimenti pubblici","7","diploma","2021","2021",27820,,
"IT","Italia","REDD_MEDIANO_FAM","reddito mediano annuale delle famiglie (in euro)","2","esclusi fitti imputati","3","pensioni e trasferimenti pubblici","11","laurea e post-laurea","2021","2021",38281,,
"IT","Italia","REDD_MEDIO_FAM","reddito medio annuale delle famiglie (in euro)","2","esclusi fitti imputati","3","pensioni e trasferimenti pubblici","3","licenza di scuola elementare, nessun titolo di studio","2021","2021",19907,,
"IT","Italia","REDD_MEDIO_FAM","reddito medio annuale delle famiglie (in euro)","2","esclusi fitti imputati","3","pensioni e trasferimenti pubblici","4","licenza di scuola media","2021","2021",24976,,
"IT","Italia","REDD_MEDIO_FAM","reddito medio annuale delle famiglie (in euro)","2","esclusi fitti imputati","3","pensioni e trasferimenti pubblici","7","diploma","2021","2021",34168,,
"IT","Italia","REDD_MEDIO_FAM","reddito medio annuale delle famiglie (in euro)","2","esclusi fitti imputati","3","pensioni e trasferimenti pubblici","11","laurea e post-laurea","2021","2021",48951,,
"IT","Italia","REDD_MEDIANO_FAM","reddito mediano annuale delle famiglie (in euro)","2","esclusi fitti imputati","4","altro ","3","licenza di scuola elementare, nessun titolo di studio","2021","2021",21593,,
"IT","Italia","REDD_MEDIANO_FAM","reddito mediano annuale delle famiglie (in euro)","2","esclusi fitti imputati","4","altro ","4","licenza di scuola media","2021","2021",7655,,
"IT","Italia","REDD_MEDIANO_FAM","reddito mediano annuale delle famiglie (in euro)","2","esclusi fitti imputati","4","altro ","7","diploma","2021","2021",12474,,
"IT","Italia","REDD_MEDIANO_FAM","reddito mediano annuale delle famiglie (in euro)","2","esclusi fitti imputati","4","altro ","11","laurea e post-laurea","2021","2021",12000,,
"IT","Italia","REDD_MEDIO_FAM","reddito medio annuale delle famiglie (in euro)","2","esclusi fitti imputati","4","altro ","3","licenza di scuola elementare, nessun titolo di studio","2021","2021",18954,,
"IT","Italia","REDD_MEDIO_FAM","reddito medio annuale delle famiglie (in euro)","2","esclusi fitti imputati","4","altro ","4","licenza di scuola media","2021","2021",15122,,
"IT","Italia","REDD_MEDIO_FAM","reddito medio annuale delle famiglie (in euro)","2","esclusi fitti imputati","4","altro ","7","diploma","2021","2021",21622,,
"IT","Italia","REDD_MEDIO_FAM","reddito medio annuale delle famiglie (in euro)","2","esclusi fitti imputati","4","altro ","11","laurea e post-laurea","2021","2021",20411,,
"IT","Italia","REDD_MEDIANO_FAM","reddito mediano annuale delle famiglie (in euro)","2","esclusi fitti imputati","9","totale","3","licenza di scuola elementare, nessun titolo di studio","2021","2021",17836,,
"IT","Italia","REDD_MEDIANO_FAM","reddito mediano annuale delle famiglie (in euro)","2","esclusi fitti imputati","9","totale","4","licenza di scuola media","2021","2021",23934,,
"IT","Italia","REDD_MEDIANO_FAM","reddito mediano annuale delle famiglie (in euro)","2","esclusi fitti imputati","9","totale","7","diploma","2021","2021",30587,,
"IT","Italia","REDD_MEDIANO_FAM","reddito mediano annuale delle famiglie (in euro)","2","esclusi fitti imputati","9","totale","11","laurea e post-laurea","2021","2021",41632,,
"IT","Italia","REDD_MEDIO_FAM","reddito medio annuale delle famiglie (in euro)","2","esclusi fitti imputati","9","totale","3","licenza di scuola elementare, nessun titolo di studio","2021","2021",20209,,
"IT","Italia","REDD_MEDIO_FAM","reddito medio annuale delle famiglie (in euro)","2","esclusi fitti imputati","9","totale","4","licenza di scuola media","2021","2021",28039,,
"IT","Italia","REDD_MEDIO_FAM","reddito medio annuale delle famiglie (in euro)","2","esclusi fitti imputati","9","totale","7","diploma","2021","2021",35708,,
"IT","Italia","REDD_MEDIO_FAM","reddito medio annuale delle famiglie (in euro)","2","esclusi fitti imputati","9","totale","11","laurea e post-laurea","2021","2021",50307,,
"ITC","Nord-ovest","REDD_MEDIANO_FAM","reddito mediano annuale delle famiglie (in euro)","1","inclusi fitti imputati","9","totale","3","licenza di scuola elementare, nessun titolo di studio","2021","2021",24635,,
"ITC","Nord-ovest","REDD_MEDIANO_FAM","reddito mediano annuale delle famiglie (in euro)","1","inclusi fitti imputati","9","totale","4","licenza di scuola media","2021","2021",30899,,
"ITC","Nord-ovest","REDD_MEDIANO_FAM","reddito mediano annuale delle famiglie (in euro)","1","inclusi fitti imputati","9","totale","7","diploma","2021","2021",38828,,
"ITC","Nord-ovest","REDD_MEDIANO_FAM","reddito mediano annuale delle famiglie (in euro)","1","inclusi fitti imputati","9","totale","11","laurea e post-laurea","2021","2021",50151,,
"ITC","Nord-ovest","REDD_MEDIO_FAM","reddito medio annuale delle famiglie (in euro)","1","inclusi fitti imputati","9","totale","3","licenza di scuola elementare, nessun titolo di studio","2021","2021",27181,,
"ITC","Nord-ovest","REDD_MEDIO_FAM","reddito medio annuale delle famiglie (in euro)","1","inclusi fitti imputati","9","totale","4","licenza di scuola media","2021","2021",35536,,
"ITC","Nord-ovest","REDD_MEDIO_FAM","reddito medio annuale delle famiglie (in euro)","1","inclusi fitti imputati","9","totale","7","diploma","2021","2021",44588,,
"ITC","Nord-ovest","REDD_MEDIO_FAM","reddito medio annuale delle famiglie (in euro)","1","inclusi fitti imputati","9","totale","11","laurea e post-laurea","2021","2021",62887,,
"ITC","Nord-ovest","REDD_MEDIANO_FAM","reddito mediano annuale delle famiglie (in euro)","2","esclusi fitti imputati","9","totale","3","licenza di scuola elementare, nessun titolo di studio","2021","2021",18654,,
"ITC","Nord-ovest","REDD_MEDIANO_FAM","reddito mediano annuale delle famiglie (in euro)","2","esclusi fitti imputati","9","totale","4","licenza di scuola media","2021","2021",26374,,
"ITC","Nord-ovest","REDD_MEDIANO_FAM","reddito mediano annuale delle famiglie (in euro)","2","esclusi fitti imputati","9","totale","7","diploma","2021","2021",33380,,
"ITC","Nord-ovest","REDD_MEDIANO_FAM","reddito mediano annuale delle famiglie (in euro)","2","esclusi fitti imputati","9","totale","11","laurea e post-laurea","2021","2021",43015,,
"ITC","Nord-ovest","REDD_MEDIO_FAM","reddito medio annuale delle famiglie (in euro)","2","esclusi fitti imputati","9","totale","3","licenza di scuola elementare, nessun titolo di studio","2021","2021",21444,,
"ITC","Nord-ovest","REDD_MEDIO_FAM","reddito medio annuale delle famiglie (in euro)","2","esclusi fitti imputati","9","totale","4","licenza di scuola media","2021","2021",30589,,
"ITC","Nord-ovest","REDD_MEDIO_FAM","reddito medio annuale delle famiglie (in euro)","2","esclusi fitti imputati","9","totale","7","diploma","2021","2021",38923,,
"ITC","Nord-ovest","REDD_MEDIO_FAM","reddito medio annuale delle famiglie (in euro)","2","esclusi fitti imputati","9","totale","11","laurea e post-laurea","2021","2021",56137,,
"ITD","Nord-est","REDD_MEDIANO_FAM","reddito mediano annuale delle famiglie (in euro)","1","inclusi fitti imputati","9","totale","3","licenza di scuola elementare, nessun titolo di studio","2021","2021",25380,,
"ITD","Nord-est","REDD_MEDIANO_FAM","reddito mediano annuale delle famiglie (in euro)","1","inclusi fitti imputati","9","totale","4","licenza di scuola media","2021","2021",31349,,
"ITD","Nord-est","REDD_MEDIANO_FAM","reddito mediano annuale delle famiglie (in euro)","1","inclusi fitti imputati","9","totale","7","diploma","2021","2021",42100,,
"ITD","Nord-est","REDD_MEDIANO_FAM","reddito mediano annuale delle famiglie (in euro)","1","inclusi fitti imputati","9","totale","11","laurea e post-laurea","2021","2021",53577,,
"ITD","Nord-est","REDD_MEDIO_FAM","reddito medio annuale delle famiglie (in euro)","1","inclusi fitti imputati","9","totale","3","licenza di scuola elementare, nessun titolo di studio","2021","2021",27687,,
"ITD","Nord-est","REDD_MEDIO_FAM","reddito medio annuale delle famiglie (in euro)","1","inclusi fitti imputati","9","totale","4","licenza di scuola media","2021","2021",37660,,
"ITD","Nord-est","REDD_MEDIO_FAM","reddito medio annuale delle famiglie (in euro)","1","inclusi fitti imputati","9","totale","7","diploma","2021","2021",46595,,
"ITD","Nord-est","REDD_MEDIO_FAM","reddito medio annuale delle famiglie (in euro)","1","inclusi fitti imputati","9","totale","11","laurea e post-laurea","2021","2021",62734,,
"ITD","Nord-est","REDD_MEDIANO_FAM","reddito mediano annuale delle famiglie (in euro)","2","esclusi fitti imputati","9","totale","3","licenza di scuola elementare, nessun titolo di studio","2021","2021",20174,,
"ITD","Nord-est","REDD_MEDIANO_FAM","reddito mediano annuale delle famiglie (in euro)","2","esclusi fitti imputati","9","totale","4","licenza di scuola media","2021","2021",27084,,
"ITD","Nord-est","REDD_MEDIANO_FAM","reddito mediano annuale delle famiglie (in euro)","2","esclusi fitti imputati","9","totale","7","diploma","2021","2021",35878,,
"ITD","Nord-est","REDD_MEDIANO_FAM","reddito mediano annuale delle famiglie (in euro)","2","esclusi fitti imputati","9","totale","11","laurea e post-laurea","2021","2021",46814,,
"ITD","Nord-est","REDD_MEDIO_FAM","reddito medio annuale delle famiglie (in euro)","2","esclusi fitti imputati","9","totale","3","licenza di scuola elementare, nessun titolo di studio","2021","2021",21680,,
"ITD","Nord-est","REDD_MEDIO_FAM","reddito medio annuale delle famiglie (in euro)","2","esclusi fitti imputati","9","totale","4","licenza di scuola media","2021","2021",32595,,
"ITD","Nord-est","REDD_MEDIO_FAM","reddito medio annuale delle famiglie (in euro)","2","esclusi fitti imputati","9","totale","7","diploma","2021","2021",40393,,
"ITD","Nord-est","REDD_MEDIO_FAM","reddito medio annuale delle famiglie (in euro)","2","esclusi fitti imputati","9","totale","11","laurea e post-laurea","2021","2021",55846,,
"ITE","Centro","REDD_MEDIANO_FAM","reddito mediano annuale delle famiglie (in euro)","1","inclusi fitti imputati","9","totale","3","licenza di scuola elementare, nessun titolo di studio","2021","2021",24604,,
"ITE","Centro","REDD_MEDIANO_FAM","reddito mediano annuale delle famiglie (in euro)","1","inclusi fitti imputati","9","totale","4","licenza di scuola media","2021","2021",30461,,
"ITE","Centro","REDD_MEDIANO_FAM","reddito mediano annuale delle famiglie (in euro)","1","inclusi fitti imputati","9","totale","7","diploma","2021","2021",37930,,
"ITE","Centro","REDD_MEDIANO_FAM","reddito mediano annuale delle famiglie (in euro)","1","inclusi fitti imputati","9","totale","11","laurea e post-laurea","2021","2021",44765,,
"ITE","Centro","REDD_MEDIO_FAM","reddito medio annuale delle famiglie (in euro)","1","inclusi fitti imputati","9","totale","3","licenza di scuola elementare, nessun titolo di studio","2021","2021",27442,,
"ITE","Centro","REDD_MEDIO_FAM","reddito medio annuale delle famiglie (in euro)","1","inclusi fitti imputati","9","totale","4","licenza di scuola media","2021","2021",34916,,
"ITE","Centro","REDD_MEDIO_FAM","reddito medio annuale delle famiglie (in euro)","1","inclusi fitti imputati","9","totale","7","diploma","2021","2021",41877,,
"ITE","Centro","REDD_MEDIO_FAM","reddito medio annuale delle famiglie (in euro)","1","inclusi fitti imputati","9","totale","11","laurea e post-laurea","2021","2021",52106,,
"ITE","Centro","REDD_MEDIANO_FAM","reddito mediano annuale delle famiglie (in euro)","2","esclusi fitti imputati","9","totale","3","licenza di scuola elementare, nessun titolo di studio","2021","2021",19178,,
"ITE","Centro","REDD_MEDIANO_FAM","reddito mediano annuale delle famiglie (in euro)","2","esclusi fitti imputati","9","totale","4","licenza di scuola media","2021","2021",25338,,
"ITE","Centro","REDD_MEDIANO_FAM","reddito mediano annuale delle famiglie (in euro)","2","esclusi fitti imputati","9","totale","7","diploma","2021","2021",31639,,
"ITE","Centro","REDD_MEDIANO_FAM","reddito mediano annuale delle famiglie (in euro)","2","esclusi fitti imputati","9","totale","11","laurea e post-laurea","2021","2021",38018,,
"ITE","Centro","REDD_MEDIO_FAM","reddito medio annuale delle famiglie (in euro)","2","esclusi fitti imputati","9","totale","3","licenza di scuola elementare, nessun titolo di studio","2021","2021",21815,,
"ITE","Centro","REDD_MEDIO_FAM","reddito medio annuale delle famiglie (in euro)","2","esclusi fitti imputati","9","totale","4","licenza di scuola media","2021","2021",29607,,
"ITE","Centro","REDD_MEDIO_FAM","reddito medio annuale delle famiglie (in euro)","2","esclusi fitti imputati","9","totale","7","diploma","2021","2021",35928,,
"ITE","Centro","REDD_MEDIO_FAM","reddito medio annuale delle famiglie (in euro)","2","esclusi fitti imputati","9","totale","11","laurea e post-laurea","2021","2021",45325,,
"ITF","Sud","REDD_MEDIANO_FAM","reddito mediano annuale delle famiglie (in euro)","1","inclusi fitti imputati","9","totale","3","licenza di scuola elementare, nessun titolo di studio","2021","2021",20507,,
"ITF","Sud","REDD_MEDIANO_FAM","reddito mediano annuale delle famiglie (in euro)","1","inclusi fitti imputati","9","totale","4","licenza di scuola media","2021","2021",25120,,
"ITF","Sud","REDD_MEDIANO_FAM","reddito mediano annuale delle famiglie (in euro)","1","inclusi fitti imputati","9","totale","7","diploma","2021","2021",30318,,
"ITF","Sud","REDD_MEDIANO_FAM","reddito mediano annuale delle famiglie (in euro)","1","inclusi fitti imputati","9","totale","11","laurea e post-laurea","2021","2021",44015,,
"ITF","Sud","REDD_MEDIO_FAM","reddito medio annuale delle famiglie (in euro)","1","inclusi fitti imputati","9","totale","3","licenza di scuola elementare, nessun titolo di studio","2021","2021",21746,,
"ITF","Sud","REDD_MEDIO_FAM","reddito medio annuale delle famiglie (in euro)","1","inclusi fitti imputati","9","totale","4","licenza di scuola media","2021","2021",27000,,
"ITF","Sud","REDD_MEDIO_FAM","reddito medio annuale delle famiglie (in euro)","1","inclusi fitti imputati","9","totale","7","diploma","2021","2021",33232,,
"ITF","Sud","REDD_MEDIO_FAM","reddito medio annuale delle famiglie (in euro)","1","inclusi fitti imputati","9","totale","11","laurea e post-laurea","2021","2021",50311,,
"ITF","Sud","REDD_MEDIANO_FAM","reddito mediano annuale delle famiglie (in euro)","2","esclusi fitti imputati","9","totale","3","licenza di scuola elementare, nessun titolo di studio","2021","2021",15916,,
"ITF","Sud","REDD_MEDIANO_FAM","reddito mediano annuale delle famiglie (in euro)","2","esclusi fitti imputati","9","totale","4","licenza di scuola media","2021","2021",21760,,
"ITF","Sud","REDD_MEDIANO_FAM","reddito mediano annuale delle famiglie (in euro)","2","esclusi fitti imputati","9","totale","7","diploma","2021","2021",25613,,
"ITF","Sud","REDD_MEDIANO_FAM","reddito mediano annuale delle famiglie (in euro)","2","esclusi fitti imputati","9","totale","11","laurea e post-laurea","2021","2021",38987,,
"ITF","Sud","REDD_MEDIO_FAM","reddito medio annuale delle famiglie (in euro)","2","esclusi fitti imputati","9","totale","3","licenza di scuola elementare, nessun titolo di studio","2021","2021",17891,,
"ITF","Sud","REDD_MEDIO_FAM","reddito medio annuale delle famiglie (in euro)","2","esclusi fitti imputati","9","totale","4","licenza di scuola media","2021","2021",23633,,
"ITF","Sud","REDD_MEDIO_FAM","reddito medio annuale delle famiglie (in euro)","2","esclusi fitti imputati","9","totale","7","diploma","2021","2021",29097,,
"ITF","Sud","REDD_MEDIO_FAM","reddito medio annuale delle famiglie (in euro)","2","esclusi fitti imputati","9","totale","11","laurea e post-laurea","2021","2021",45086,,
"ITG","Isole","REDD_MEDIANO_FAM","reddito mediano annuale delle famiglie (in euro)","1","inclusi fitti imputati","9","totale","3","licenza di scuola elementare, nessun titolo di studio","2021","2021",21342,,
"ITG","Isole","REDD_MEDIANO_FAM","reddito mediano annuale delle famiglie (in euro)","1","inclusi fitti imputati","9","totale","4","licenza di scuola media","2021","2021",22750,,
"ITG","Isole","REDD_MEDIANO_FAM","reddito mediano annuale delle famiglie (in euro)","1","inclusi fitti imputati","9","totale","7","diploma","2021","2021",31954,,
"ITG","Isole","REDD_MEDIANO_FAM","reddito mediano annuale delle famiglie (in euro)","1","inclusi fitti imputati","9","totale","11","laurea e post-laurea","2021","2021",48252,,
"ITG","Isole","REDD_MEDIO_FAM","reddito medio annuale delle famiglie (in euro)","1","inclusi fitti imputati","9","totale","3","licenza di scuola elementare, nessun titolo di studio","2021","2021",23095,,
"ITG","Isole","REDD_MEDIO_FAM","reddito medio annuale delle famiglie (in euro)","1","inclusi fitti imputati","9","totale","4","licenza di scuola media","2021","2021",25682,,
"ITG","Isole","REDD_MEDIO_FAM","reddito medio annuale delle famiglie (in euro)","1","inclusi fitti imputati","9","totale","7","diploma","2021","2021",32942,,
"ITG","Isole","REDD_MEDIO_FAM","reddito medio annuale delle famiglie (in euro)","1","inclusi fitti imputati","9","totale","11","laurea e post-laurea","2021","2021",48725,,
"ITG","Isole","REDD_MEDIANO_FAM","reddito mediano annuale delle famiglie (in euro)","2","esclusi fitti imputati","9","totale","3","licenza di scuola elementare, nessun titolo di studio","2021","2021",16289,,
"ITG","Isole","REDD_MEDIANO_FAM","reddito mediano annuale delle famiglie (in euro)","2","esclusi fitti imputati","9","totale","4","licenza di scuola media","2021","2021",19500,,
"ITG","Isole","REDD_MEDIANO_FAM","reddito mediano annuale delle famiglie (in euro)","2","esclusi fitti imputati","9","totale","7","diploma","2021","2021",26751,,
"ITG","Isole","REDD_MEDIANO_FAM","reddito mediano annuale delle famiglie (in euro)","2","esclusi fitti imputati","9","totale","11","laurea e post-laurea","2021","2021",41880,,
"ITG","Isole","REDD_MEDIO_FAM","reddito medio annuale delle famiglie (in euro)","2","esclusi fitti imputati","9","totale","3","licenza di scuola elementare, nessun titolo di studio","2021","2021",18400,,
"ITG","Isole","REDD_MEDIO_FAM","reddito medio annuale delle famiglie (in euro)","2","esclusi fitti imputati","9","totale","4","licenza di scuola media","2021","2021",21696,,
"ITG","Isole","REDD_MEDIO_FAM","reddito medio annuale delle famiglie (in euro)","2","esclusi fitti imputati","9","totale","7","diploma","2021","2021",27966,,
"ITG","Isole","REDD_MEDIO_FAM","reddito medio annuale delle famiglie (in euro)","2","esclusi fitti imputati","9","totale","11","laurea e post-laurea","2021","2021",42833,,
