"IT107","Territorio","T_D8","Tipo dato","PRAF","Presenza affitti imputati","RDPR","Fonte principale di reddito familiare ","TIME","Seleziona periodo","Value","Flag Codes","Flags"
"IT","Italia","REDD_MEDIANO_FAM","reddito mediano annuale delle famiglie (in euro)","1","inclusi fitti imputati","9","totale","2021","2021",32168,,
"IT","Italia","REDD_MEDIO_FAM","reddito medio annuale delle famiglie (in euro)","1","inclusi fitti imputati","9","totale","2021","2021",39144,,
"IT","Italia","REDD_MEDIANO_FAM","reddito mediano annuale delle famiglie (in euro)","2","esclusi fitti imputati","1","lavoro dipendente","2021","2021",31777,,
"IT","Italia","REDD_MEDIO_FAM","reddito medio annuale delle famiglie (in euro)","2","esclusi fitti imputati","1","lavoro dipendente","2021","2021",37414,,
"IT","Italia","REDD_MEDIANO_FAM","reddito mediano annuale delle famiglie (in euro)","2","esclusi fitti imputati","2","lavoro autonomo","2021","2021",34181,,
"IT","Italia","REDD_MEDIO_FAM","reddito medio annuale delle famiglie (in euro)","2","esclusi fitti imputati","2","lavoro autonomo","2021","2021",45392,,
"IT","Italia","REDD_MEDIANO_FAM","reddito mediano annuale delle famiglie (in euro)","2","esclusi fitti imputati","3","pensioni e trasferimenti pubblici","2021","2021",22066,,
"IT","Italia","REDD_MEDIO_FAM","reddito medio annuale delle famiglie (in euro)","2","esclusi fitti imputati","3","pensioni e trasferimenti pubblici","2021","2021",28134,,
"IT","Italia","REDD_MEDIANO_FAM","reddito mediano annuale delle famiglie (in euro)","2","esclusi fitti imputati","4","altro ","2021","2021",12474,,
"IT","Italia","REDD_MEDIO_FAM","reddito medio annuale delle famiglie (in euro)","2","esclusi fitti imputati","4","altro ","2021","2021",19528,,
"IT","Italia","REDD_MEDIANO_FAM","reddito mediano annuale delle famiglie (in euro)","2","esclusi fitti imputati","9","totale","2021","2021",26979,,
"IT","Italia","REDD_MEDIO_FAM","reddito medio annuale delle famiglie (in euro)","2","esclusi fitti imputati","9","totale","2021","2021",33798,,
"ITC","Nord-ovest","REDD_MEDIANO_FAM","reddito mediano annuale delle famiglie (in euro)","1","inclusi fitti imputati","9","totale","2021","2021",34509,,
"ITC","Nord-ovest","REDD_MEDIO_FAM","reddito medio annuale delle famiglie (in euro)","1","inclusi fitti imputati","9","totale","2021","2021",43346,,
"ITC","Nord-ovest","REDD_MEDIANO_FAM","reddito mediano annuale delle famiglie (in euro)","2","esclusi fitti imputati","1","lavoro dipendente","2021","2021",34222,,
"ITC","Nord-ovest","REDD_MEDIO_FAM","reddito medio annuale delle famiglie (in euro)","2","esclusi fitti imputati","1","lavoro dipendente","2021","2021",41438,,
"ITC","Nord-ovest","REDD_MEDIANO_FAM","reddito mediano annuale delle famiglie (in euro)","2","esclusi fitti imputati","2","lavoro autonomo","2021","2021",40231,,
"ITC","Nord-ovest","REDD_MEDIO_FAM","reddito medio annuale delle famiglie (in euro)","2","esclusi fitti imputati","2","lavoro autonomo","2021","2021",52988,,
"ITC","Nord-ovest","REDD_MEDIANO_FAM","reddito mediano annuale delle famiglie (in euro)","2","esclusi fitti imputati","3","pensioni e trasferimenti pubblici","2021","2021",22954,,
"ITC","Nord-ovest","REDD_MEDIO_FAM","reddito medio annuale delle famiglie (in euro)","2","esclusi fitti imputati","3","pensioni e trasferimenti pubblici","2021","2021",29986,,
"ITC","Nord-ovest","REDD_MEDIANO_FAM","reddito mediano annuale delle famiglie (in euro)","2","esclusi fitti imputati","4","altro ","2021","2021",21593,,
"ITC","Nord-ovest","REDD_MEDIO_FAM","reddito medio annuale delle famiglie (in euro)","2","esclusi fitti imputati","4","altro ","2021","2021",26322,,
"ITC","Nord-ovest","REDD_MEDIANO_FAM","reddito mediano annuale delle famiglie (in euro)","2","esclusi fitti imputati","9","totale","2021","2021",29075,,
"ITC","Nord-ovest","REDD_MEDIO_FAM","reddito medio annuale delle famiglie (in euro)","2","esclusi fitti imputati","9","totale","2021","2021",37647,,
"ITC1","Piemonte","REDD_MEDIANO_FAM","reddito mediano annuale delle famiglie (in euro)","1","inclusi fitti imputati","9","totale","2021","2021",32144,,
"ITC1","Piemonte","REDD_MEDIO_FAM","reddito medio annuale delle famiglie (in euro)","1","inclusi fitti imputati","9","totale","2021","2021",39168,,
"ITC1","Piemonte","REDD_MEDIANO_FAM","reddito mediano annuale delle famiglie (in euro)","2","esclusi fitti imputati","1","lavoro dipendente","2021","2021",33937,,
"ITC1","Piemonte","REDD_MEDIO_FAM","reddito medio annuale delle famiglie (in euro)","2","esclusi fitti imputati","1","lavoro dipendente","2021","2021",39258,,
"ITC1","Piemonte","REDD_MEDIANO_FAM","reddito mediano annuale delle famiglie (in euro)","2","esclusi fitti imputati","2","lavoro autonomo","2021","2021",32204,,
"ITC1","Piemonte","REDD_MEDIO_FAM","reddito medio annuale delle famiglie (in euro)","2","esclusi fitti imputati","2","lavoro autonomo","2021","2021",44609,,
"ITC1","Piemonte","REDD_MEDIANO_FAM","reddito mediano annuale delle famiglie (in euro)","2","esclusi fitti imputati","3","pensioni e trasferimenti pubblici","2021","2021",21841,,
"ITC1","Piemonte","REDD_MEDIO_FAM","reddito medio annuale delle famiglie (in euro)","2","esclusi fitti imputati","3","pensioni e trasferimenti pubblici","2021","2021",27568,,
"ITC1","Piemonte","REDD_MEDIANO_FAM","reddito mediano annuale delle famiglie (in euro)","2","esclusi fitti imputati","4","altro ","2021","2021",14934,,
"ITC1","Piemonte","REDD_MEDIO_FAM","reddito medio annuale delle famiglie (in euro)","2","esclusi fitti imputati","4","altro ","2021","2021",22702,,
"ITC1","Piemonte","REDD_MEDIANO_FAM","reddito mediano annuale delle famiglie (in euro)","2","esclusi fitti imputati","9","totale","2021","2021",27755,,
"ITC1","Piemonte","REDD_MEDIO_FAM","reddito medio annuale delle famiglie (in euro)","2","esclusi fitti imputati","9","totale","2021","2021",34125,,
"ITC2","Valle d'Aosta / Vallée d'Aoste","REDD_MEDIANO_FAM","reddito mediano annuale delle famiglie (in euro)","1","inclusi fitti imputati","9","totale","2021","2021",33124,,
"ITC2","Valle d'Aosta / Vallée d'Aoste","REDD_MEDIO_FAM","reddito medio annuale delle famiglie (in euro)","1","inclusi fitti imputati","9","totale","2021","2021",41593,,
"ITC2","Valle d'Aosta / Vallée d'Aoste","REDD_MEDIANO_FAM","reddito mediano annuale delle famiglie (in euro)","2","esclusi fitti imputati","1","lavoro dipendente","2021","2021",31012,,
"ITC2","Valle d'Aosta / Vallée d'Aoste","REDD_MEDIO_FAM","reddito medio annuale delle famiglie (in euro)","2","esclusi fitti imputati","1","lavoro dipendente","2021","2021",36111,,
"ITC2","Valle d'Aosta / Vallée d'Aoste","REDD_MEDIANO_FAM","reddito mediano annuale delle famiglie (in euro)","2","esclusi fitti imputati","2","lavoro autonomo","2021","2021",,"0","il dato non raggiunge la metà della cifra minima considerata"
"ITC2","Valle d'Aosta / Vallée d'Aoste","REDD_MEDIO_FAM","reddito medio annuale delle famiglie (in euro)","2","esclusi fitti imputati","2","lavoro autonomo","2021","2021",,"0","il dato non raggiunge la metà della cifra minima considerata"
"ITC2","Valle d'Aosta / Vallée d'Aoste","REDD_MEDIANO_FAM","reddito mediano annuale delle famiglie (in euro)","2","esclusi fitti imputati","3","pensioni e trasferimenti pubblici","2021","2021",19566,,
"ITC2","Valle d'Aosta / Vallée d'Aoste","REDD_MEDIO_FAM","reddito medio annuale delle famiglie (in euro)","2","esclusi fitti imputati","3","pensioni e trasferimenti pubblici","2021","2021",30607,,
"ITC2","Valle d'Aosta / Vallée d'Aoste","REDD_MEDIANO_FAM","reddito mediano annuale delle famiglie (in euro)","2","esclusi fitti imputati","4","altro ","2021","2021",,"0","il dato non raggiunge la metà della cifra minima considerata"
"ITC2","Valle d'Aosta / Vallée d'Aoste","REDD_MEDIO_FAM","reddito medio annuale delle famiglie (in euro)","2","esclusi fitti imputati","4","altro ","2021","2021",,"0","il dato non raggiunge la metà della cifra minima considerata"
"ITC2","Valle d'Aosta / Vallée d'Aoste","REDD_MEDIANO_FAM","reddito mediano annuale delle famiglie (in euro)","2","esclusi fitti imputati","9","totale","2021","2021",27700,,
"ITC2","Valle d'Aosta / Vallée d'Aoste","REDD_MEDIO_FAM","reddito medio annuale delle famiglie (in euro)","2","esclusi fitti imputati","9","totale","2021","2021",35237,,
"ITC3","Liguria","REDD_MEDIANO_FAM","reddito mediano annuale delle famiglie (in euro)","1","inclusi fitti imputati","9","totale","2021","2021",31504,,
"ITC3","Liguria","REDD_MEDIO_FAM","reddito medio annuale delle famiglie (in euro)","1","inclusi fitti imputati","9","totale","2021","2021",36665,,
"ITC3","Liguria","REDD_MEDIANO_FAM","reddito mediano annuale delle famiglie (in euro)","2","esclusi fitti imputati","1","lavoro dipendente","2021","2021",33114,,
"ITC3","Liguria","REDD_MEDIO_FAM","reddito medio annuale delle famiglie (in euro)","2","esclusi fitti imputati","1","lavoro dipendente","2021","2021",36288,,
"ITC3","Liguria","REDD_MEDIANO_FAM","reddito mediano annuale delle famiglie (in euro)","2","esclusi fitti imputati","2","lavoro autonomo","2021","2021",28585,,
"ITC3","Liguria","REDD_MEDIO_FAM","reddito medio annuale delle famiglie (in euro)","2","esclusi fitti imputati","2","lavoro autonomo","2021","2021",41462,,
"ITC3","Liguria","REDD_MEDIANO_FAM","reddito mediano annuale delle famiglie (in euro)","2","esclusi fitti imputati","3","pensioni e trasferimenti pubblici","2021","2021",22329,,
"ITC3","Liguria","REDD_MEDIO_FAM","reddito medio annuale delle famiglie (in euro)","2","esclusi fitti imputati","3","pensioni e trasferimenti pubblici","2021","2021",26107,,
"ITC3","Liguria","REDD_MEDIANO_FAM","reddito mediano annuale delle famiglie (in euro)","2","esclusi fitti imputati","4","altro ","2021","2021",28151,"n","dato statisticamente non significativo (vedasi metadati di dataset)"
"ITC3","Liguria","REDD_MEDIO_FAM","reddito medio annuale delle famiglie (in euro)","2","esclusi fitti imputati","4","altro ","2021","2021",26564,"n","dato statisticamente non significativo (vedasi metadati di dataset)"
"ITC3","Liguria","REDD_MEDIANO_FAM","reddito mediano annuale delle famiglie (in euro)","2","esclusi fitti imputati","9","totale","2021","2021",26233,,
"ITC3","Liguria","REDD_MEDIO_FAM","reddito medio annuale delle famiglie (in euro)","2","esclusi fitti imputati","9","totale","2021","2021",31586,,
"ITC4","Lombardia","REDD_MEDIANO_FAM","reddito mediano annuale delle famiglie (in euro)","1","inclusi fitti imputati","9","totale","2021","2021",36317,,
"ITC4","Lombardia","REDD_MEDIO_FAM","reddito medio annuale delle famiglie (in euro)","1","inclusi fitti imputati","9","totale","2021","2021",46365,,
"ITC4","Lombardia","REDD_MEDIANO_FAM","reddito mediano annuale delle famiglie (in euro)","2","esclusi fitti imputati","1","lavoro dipendente","2021","2021",34754,,
"ITC4","Lombardia","REDD_MEDIO_FAM","reddito medio annuale delle famiglie (in euro)","2","esclusi fitti imputati","1","lavoro dipendente","2021","2021",43017,,
"ITC4","Lombardia","REDD_MEDIANO_FAM","reddito mediano annuale delle famiglie (in euro)","2","esclusi fitti imputati","2","lavoro autonomo","2021","2021",46377,,
"ITC4","Lombardia","REDD_MEDIO_FAM","reddito medio annuale delle famiglie (in euro)","2","esclusi fitti imputati","2","lavoro autonomo","2021","2021",58864,,
"ITC4","Lombardia","REDD_MEDIANO_FAM","reddito mediano annuale delle famiglie (in euro)","2","esclusi fitti imputati","3","pensioni e trasferimenti pubblici","2021","2021",23793,,
"ITC4","Lombardia","REDD_MEDIO_FAM","reddito medio annuale delle famiglie (in euro)","2","esclusi fitti imputati","3","pensioni e trasferimenti pubblici","2021","2021",31993,,
"ITC4","Lombardia","REDD_MEDIANO_FAM","reddito mediano annuale delle famiglie (in euro)","2","esclusi fitti imputati","4","altro ","2021","2021",26173,"n","dato statisticamente non significativo (vedasi metadati di dataset)"
"ITC4","Lombardia","REDD_MEDIO_FAM","reddito medio annuale delle famiglie (in euro)","2","esclusi fitti imputati","4","altro ","2021","2021",28431,"n","dato statisticamente non significativo (vedasi metadati di dataset)"
"ITC4","Lombardia","REDD_MEDIANO_FAM","reddito mediano annuale delle famiglie (in euro)","2","esclusi fitti imputati","9","totale","2021","2021",30276,,
"ITC4","Lombardia","REDD_MEDIO_FAM","reddito medio annuale delle famiglie (in euro)","2","esclusi fitti imputati","9","totale","2021","2021",40277,,
"ITD","Nord-est","REDD_MEDIANO_FAM","reddito mediano annuale delle famiglie (in euro)","1","inclusi fitti imputati","9","totale","2021","2021",37021,,
"ITD","Nord-est","REDD_MEDIO_FAM","reddito medio annuale delle famiglie (in euro)","1","inclusi fitti imputati","9","totale","2021","2021",44333,,
"ITD","Nord-est","REDD_MEDIANO_FAM","reddito mediano annuale delle famiglie (in euro)","2","esclusi fitti imputati","1","lavoro dipendente","2021","2021",36245,,
"ITD","Nord-est","REDD_MEDIO_FAM","reddito medio annuale delle famiglie (in euro)","2","esclusi fitti imputati","1","lavoro dipendente","2021","2021",41297,,
"ITD","Nord-est","REDD_MEDIANO_FAM","reddito mediano annuale delle famiglie (in euro)","2","esclusi fitti imputati","2","lavoro autonomo","2021","2021",44661,,
"ITD","Nord-est","REDD_MEDIO_FAM","reddito medio annuale delle famiglie (in euro)","2","esclusi fitti imputati","2","lavoro autonomo","2021","2021",53459,,
"ITD","Nord-est","REDD_MEDIANO_FAM","reddito mediano annuale delle famiglie (in euro)","2","esclusi fitti imputati","3","pensioni e trasferimenti pubblici","2021","2021",24028,,
"ITD","Nord-est","REDD_MEDIO_FAM","reddito medio annuale delle famiglie (in euro)","2","esclusi fitti imputati","3","pensioni e trasferimenti pubblici","2021","2021",30915,,
"ITD","Nord-est","REDD_MEDIANO_FAM","reddito mediano annuale delle famiglie (in euro)","2","esclusi fitti imputati","4","altro ","2021","2021",16178,,
"ITD","Nord-est","REDD_MEDIO_FAM","reddito medio annuale delle famiglie (in euro)","2","esclusi fitti imputati","4","altro ","2021","2021",23316,,
"ITD","Nord-est","REDD_MEDIANO_FAM","reddito mediano annuale delle famiglie (in euro)","2","esclusi fitti imputati","9","totale","2021","2021",31220,,
"ITD","Nord-est","REDD_MEDIO_FAM","reddito medio annuale delle famiglie (in euro)","2","esclusi fitti imputati","9","totale","2021","2021",38340,,
"ITD1","Provincia Autonoma Bolzano / Bozen","REDD_MEDIANO_FAM","reddito mediano annuale delle famiglie (in euro)","1","inclusi fitti imputati","9","totale","2021","2021",38070,,
"ITD1","Provincia Autonoma Bolzano / Bozen","REDD_MEDIO_FAM","reddito medio annuale delle famiglie (in euro)","1","inclusi fitti imputati","9","totale","2021","2021",49630,,
"ITD1","Provincia Autonoma Bolzano / Bozen","REDD_MEDIANO_FAM","reddito mediano annuale delle famiglie (in euro)","2","esclusi fitti imputati","1","lavoro dipendente","2021","2021",38821,,
"ITD1","Provincia Autonoma Bolzano / Bozen","REDD_MEDIO_FAM","reddito medio annuale delle famiglie (in euro)","2","esclusi fitti imputati","1","lavoro dipendente","2021","2021",46368,,
"ITD1","Provincia Autonoma Bolzano / Bozen","REDD_MEDIANO_FAM","reddito mediano annuale delle famiglie (in euro)","2","esclusi fitti imputati","2","lavoro autonomo","2021","2021",71487,,
"ITD1","Provincia Autonoma Bolzano / Bozen","REDD_MEDIO_FAM","reddito medio annuale delle famiglie (in euro)","2","esclusi fitti imputati","2","lavoro autonomo","2021","2021",70485,,
"ITD1","Provincia Autonoma Bolzano / Bozen","REDD_MEDIANO_FAM","reddito mediano annuale delle famiglie (in euro)","2","esclusi fitti imputati","3","pensioni e trasferimenti pubblici","2021","2021",22675,,
"ITD1","Provincia Autonoma Bolzano / Bozen","REDD_MEDIO_FAM","reddito medio annuale delle famiglie (in euro)","2","esclusi fitti imputati","3","pensioni e trasferimenti pubblici","2021","2021",32803,,
"ITD1","Provincia Autonoma Bolzano / Bozen","REDD_MEDIANO_FAM","reddito mediano annuale delle famiglie (in euro)","2","esclusi fitti imputati","4","altro ","2021","2021",,"0","il dato non raggiunge la metà della cifra minima considerata"
"ITD1","Provincia Autonoma Bolzano / Bozen","REDD_MEDIO_FAM","reddito medio annuale delle famiglie (in euro)","2","esclusi fitti imputati","4","altro ","2021","2021",,"0","il dato non raggiunge la metà della cifra minima considerata"
"ITD1","Provincia Autonoma Bolzano / Bozen","REDD_MEDIANO_FAM","reddito mediano annuale delle famiglie (in euro)","2","esclusi fitti imputati","9","totale","2021","2021",31802,,
"ITD1","Provincia Autonoma Bolzano / Bozen","REDD_MEDIO_FAM","reddito medio annuale delle famiglie (in euro)","2","esclusi fitti imputati","9","totale","2021","2021",44370,,
"ITD2","Provincia Autonoma Trento","REDD_MEDIANO_FAM","reddito mediano annuale delle famiglie (in euro)","1","inclusi fitti imputati","9","totale","2021","2021",35179,,
"ITD2","Provincia Autonoma Trento","REDD_MEDIO_FAM","reddito medio annuale delle famiglie (in euro)","1","inclusi fitti imputati","9","totale","2021","2021",43650,,
"ITD2","Provincia Autonoma Trento","REDD_MEDIANO_FAM","reddito mediano annuale delle famiglie (in euro)","2","esclusi fitti imputati","1","lavoro dipendente","2021","2021",36175,,
"ITD2","Provincia Autonoma Trento","REDD_MEDIO_FAM","reddito medio annuale delle famiglie (in euro)","2","esclusi fitti imputati","1","lavoro dipendente","2021","2021",41750,,
"ITD2","Provincia Autonoma Trento","REDD_MEDIANO_FAM","reddito mediano annuale delle famiglie (in euro)","2","esclusi fitti imputati","2","lavoro autonomo","2021","2021",44661,,
"ITD2","Provincia Autonoma Trento","REDD_MEDIO_FAM","reddito medio annuale delle famiglie (in euro)","2","esclusi fitti imputati","2","lavoro autonomo","2021","2021",54715,,
"ITD2","Provincia Autonoma Trento","REDD_MEDIANO_FAM","reddito mediano annuale delle famiglie (in euro)","2","esclusi fitti imputati","3","pensioni e trasferimenti pubblici","2021","2021",23621,,
"ITD2","Provincia Autonoma Trento","REDD_MEDIO_FAM","reddito medio annuale delle famiglie (in euro)","2","esclusi fitti imputati","3","pensioni e trasferimenti pubblici","2021","2021",28044,,
"ITD2","Provincia Autonoma Trento","REDD_MEDIANO_FAM","reddito mediano annuale delle famiglie (in euro)","2","esclusi fitti imputati","4","altro ","2021","2021",,"0","il dato non raggiunge la metà della cifra minima considerata"
"ITD2","Provincia Autonoma Trento","REDD_MEDIO_FAM","reddito medio annuale delle famiglie (in euro)","2","esclusi fitti imputati","4","altro ","2021","2021",,"0","il dato non raggiunge la metà della cifra minima considerata"
"ITD2","Provincia Autonoma Trento","REDD_MEDIANO_FAM","reddito mediano annuale delle famiglie (in euro)","2","esclusi fitti imputati","9","totale","2021","2021",29768,,
"ITD2","Provincia Autonoma Trento","REDD_MEDIO_FAM","reddito medio annuale delle famiglie (in euro)","2","esclusi fitti imputati","9","totale","2021","2021",38526,,
"ITD3","Veneto","REDD_MEDIANO_FAM","reddito mediano annuale delle famiglie (in euro)","1","inclusi fitti imputati","9","totale","2021","2021",35483,,
"ITD3","Veneto","REDD_MEDIO_FAM","reddito medio annuale delle famiglie (in euro)","1","inclusi fitti imputati","9","totale","2021","2021",43025,,
"ITD3","Veneto","REDD_MEDIANO_FAM","reddito mediano annuale delle famiglie (in euro)","2","esclusi fitti imputati","1","lavoro dipendente","2021","2021",33834,,
"ITD3","Veneto","REDD_MEDIO_FAM","reddito medio annuale delle famiglie (in euro)","2","esclusi fitti imputati","1","lavoro dipendente","2021","2021",39476,,
"ITD3","Veneto","REDD_MEDIANO_FAM","reddito mediano annuale delle famiglie (in euro)","2","esclusi fitti imputati","2","lavoro autonomo","2021","2021",38256,,
"ITD3","Veneto","REDD_MEDIO_FAM","reddito medio annuale delle famiglie (in euro)","2","esclusi fitti imputati","2","lavoro autonomo","2021","2021",51723,,
"ITD3","Veneto","REDD_MEDIANO_FAM","reddito mediano annuale delle famiglie (in euro)","2","esclusi fitti imputati","3","pensioni e trasferimenti pubblici","2021","2021",24076,,
"ITD3","Veneto","REDD_MEDIO_FAM","reddito medio annuale delle famiglie (in euro)","2","esclusi fitti imputati","3","pensioni e trasferimenti pubblici","2021","2021",30472,,
"ITD3","Veneto","REDD_MEDIANO_FAM","reddito mediano annuale delle famiglie (in euro)","2","esclusi fitti imputati","4","altro ","2021","2021",34273,"n","dato statisticamente non significativo (vedasi metadati di dataset)"
"ITD3","Veneto","REDD_MEDIO_FAM","reddito medio annuale delle famiglie (in euro)","2","esclusi fitti imputati","4","altro ","2021","2021",32099,"n","dato statisticamente non significativo (vedasi metadati di dataset)"
"ITD3","Veneto","REDD_MEDIANO_FAM","reddito mediano annuale delle famiglie (in euro)","2","esclusi fitti imputati","9","totale","2021","2021",29764,,
"ITD3","Veneto","REDD_MEDIO_FAM","reddito medio annuale delle famiglie (in euro)","2","esclusi fitti imputati","9","totale","2021","2021",37113,,
"ITD4","Friuli-Venezia Giulia","REDD_MEDIANO_FAM","reddito mediano annuale delle famiglie (in euro)","1","inclusi fitti imputati","9","totale","2021","2021",34780,,
"ITD4","Friuli-Venezia Giulia","REDD_MEDIO_FAM","reddito medio annuale delle famiglie (in euro)","1","inclusi fitti imputati","9","totale","2021","2021",40832,,
"ITD4","Friuli-Venezia Giulia","REDD_MEDIANO_FAM","reddito mediano annuale delle famiglie (in euro)","2","esclusi fitti imputati","1","lavoro dipendente","2021","2021",35104,,
"ITD4","Friuli-Venezia Giulia","REDD_MEDIO_FAM","reddito medio annuale delle famiglie (in euro)","2","esclusi fitti imputati","1","lavoro dipendente","2021","2021",39967,,
"ITD4","Friuli-Venezia Giulia","REDD_MEDIANO_FAM","reddito mediano annuale delle famiglie (in euro)","2","esclusi fitti imputati","2","lavoro autonomo","2021","2021",42056,,
"ITD4","Friuli-Venezia Giulia","REDD_MEDIO_FAM","reddito medio annuale delle famiglie (in euro)","2","esclusi fitti imputati","2","lavoro autonomo","2021","2021",53363,,
"ITD4","Friuli-Venezia Giulia","REDD_MEDIANO_FAM","reddito mediano annuale delle famiglie (in euro)","2","esclusi fitti imputati","3","pensioni e trasferimenti pubblici","2021","2021",21586,,
"ITD4","Friuli-Venezia Giulia","REDD_MEDIO_FAM","reddito medio annuale delle famiglie (in euro)","2","esclusi fitti imputati","3","pensioni e trasferimenti pubblici","2021","2021",27302,,
"ITD4","Friuli-Venezia Giulia","REDD_MEDIANO_FAM","reddito mediano annuale delle famiglie (in euro)","2","esclusi fitti imputati","4","altro ","2021","2021",,"0","il dato non raggiunge la metà della cifra minima considerata"
"ITD4","Friuli-Venezia Giulia","REDD_MEDIO_FAM","reddito medio annuale delle famiglie (in euro)","2","esclusi fitti imputati","4","altro ","2021","2021",,"0","il dato non raggiunge la metà della cifra minima considerata"
"ITD4","Friuli-Venezia Giulia","REDD_MEDIANO_FAM","reddito mediano annuale delle famiglie (in euro)","2","esclusi fitti imputati","9","totale","2021","2021",27872,,
"ITD4","Friuli-Venezia Giulia","REDD_MEDIO_FAM","reddito medio annuale delle famiglie (in euro)","2","esclusi fitti imputati","9","totale","2021","2021",34637,,
"ITD5","Emilia-Romagna","REDD_MEDIANO_FAM","reddito mediano annuale delle famiglie (in euro)","1","inclusi fitti imputati","9","totale","2021","2021",39099,,
"ITD5","Emilia-Romagna","REDD_MEDIO_FAM","reddito medio annuale delle famiglie (in euro)","1","inclusi fitti imputati","9","totale","2021","2021",46150,,
"ITD5","Emilia-Romagna","REDD_MEDIANO_FAM","reddito mediano annuale delle famiglie (in euro)","2","esclusi fitti imputati","1","lavoro dipendente","2021","2021",38533,,
"ITD5","Emilia-Romagna","REDD_MEDIO_FAM","reddito medio annuale delle famiglie (in euro)","2","esclusi fitti imputati","1","lavoro dipendente","2021","2021",42868,,
"ITD5","Emilia-Romagna","REDD_MEDIANO_FAM","reddito mediano annuale delle famiglie (in euro)","2","esclusi fitti imputati","2","lavoro autonomo","2021","2021",50950,,
"ITD5","Emilia-Romagna","REDD_MEDIO_FAM","reddito medio annuale delle famiglie (in euro)","2","esclusi fitti imputati","2","lavoro autonomo","2021","2021",53197,,
"ITD5","Emilia-Romagna","REDD_MEDIANO_FAM","reddito mediano annuale delle famiglie (in euro)","2","esclusi fitti imputati","3","pensioni e trasferimenti pubblici","2021","2021",24798,,
"ITD5","Emilia-Romagna","REDD_MEDIO_FAM","reddito medio annuale delle famiglie (in euro)","2","esclusi fitti imputati","3","pensioni e trasferimenti pubblici","2021","2021",32692,,
"ITD5","Emilia-Romagna","REDD_MEDIANO_FAM","reddito mediano annuale delle famiglie (in euro)","2","esclusi fitti imputati","4","altro ","2021","2021",17080,"n","dato statisticamente non significativo (vedasi metadati di dataset)"
"ITD5","Emilia-Romagna","REDD_MEDIO_FAM","reddito medio annuale delle famiglie (in euro)","2","esclusi fitti imputati","4","altro ","2021","2021",23480,"n","dato statisticamente non significativo (vedasi metadati di dataset)"
"ITD5","Emilia-Romagna","REDD_MEDIANO_FAM","reddito mediano annuale delle famiglie (in euro)","2","esclusi fitti imputati","9","totale","2021","2021",33431,,
"ITD5","Emilia-Romagna","REDD_MEDIO_FAM","reddito medio annuale delle famiglie (in euro)","2","esclusi fitti imputati","9","totale","2021","2021",39941,,
"ITE","Centro","REDD_MEDIANO_FAM","reddito mediano annuale delle famiglie (in euro)","1","inclusi fitti imputati","9","totale","2021","2021",34777,,
"ITE","Centro","REDD_MEDIO_FAM","reddito medio annuale delle famiglie (in euro)","1","inclusi fitti imputati","9","totale","2021","2021",40500,,
"ITE","Centro","REDD_MEDIANO_FAM","reddito mediano annuale delle famiglie (in euro)","2","esclusi fitti imputati","1","lavoro dipendente","2021","2021",32314,,
"ITE","Centro","REDD_MEDIO_FAM","reddito medio annuale delle famiglie (in euro)","2","esclusi fitti imputati","1","lavoro dipendente","2021","2021",36850,,
"ITE","Centro","REDD_MEDIANO_FAM","reddito mediano annuale delle famiglie (in euro)","2","esclusi fitti imputati","2","lavoro autonomo","2021","2021",32431,,
"ITE","Centro","REDD_MEDIO_FAM","reddito medio annuale delle famiglie (in euro)","2","esclusi fitti imputati","2","lavoro autonomo","2021","2021",42190,,
"ITE","Centro","REDD_MEDIANO_FAM","reddito mediano annuale delle famiglie (in euro)","2","esclusi fitti imputati","3","pensioni e trasferimenti pubblici","2021","2021",24355,,
"ITE","Centro","REDD_MEDIO_FAM","reddito medio annuale delle famiglie (in euro)","2","esclusi fitti imputati","3","pensioni e trasferimenti pubblici","2021","2021",31156,,
"ITE","Centro","REDD_MEDIANO_FAM","reddito mediano annuale delle famiglie (in euro)","2","esclusi fitti imputati","4","altro ","2021","2021",13663,,
"ITE","Centro","REDD_MEDIO_FAM","reddito medio annuale delle famiglie (in euro)","2","esclusi fitti imputati","4","altro ","2021","2021",19401,,
"ITE","Centro","REDD_MEDIANO_FAM","reddito mediano annuale delle famiglie (in euro)","2","esclusi fitti imputati","9","totale","2021","2021",28766,,
"ITE","Centro","REDD_MEDIO_FAM","reddito medio annuale delle famiglie (in euro)","2","esclusi fitti imputati","9","totale","2021","2021",34555,,
"ITE1","Toscana","REDD_MEDIANO_FAM","reddito mediano annuale delle famiglie (in euro)","1","inclusi fitti imputati","9","totale","2021","2021",37364,,
"ITE1","Toscana","REDD_MEDIO_FAM","reddito medio annuale delle famiglie (in euro)","1","inclusi fitti imputati","9","totale","2021","2021",42660,,
"ITE1","Toscana","REDD_MEDIANO_FAM","reddito mediano annuale delle famiglie (in euro)","2","esclusi fitti imputati","1","lavoro dipendente","2021","2021",34128,,
"ITE1","Toscana","REDD_MEDIO_FAM","reddito medio annuale delle famiglie (in euro)","2","esclusi fitti imputati","1","lavoro dipendente","2021","2021",36849,,
"ITE1","Toscana","REDD_MEDIANO_FAM","reddito mediano annuale delle famiglie (in euro)","2","esclusi fitti imputati","2","lavoro autonomo","2021","2021",34049,,
"ITE1","Toscana","REDD_MEDIO_FAM","reddito medio annuale delle famiglie (in euro)","2","esclusi fitti imputati","2","lavoro autonomo","2021","2021",45826,,
"ITE1","Toscana","REDD_MEDIANO_FAM","reddito mediano annuale delle famiglie (in euro)","2","esclusi fitti imputati","3","pensioni e trasferimenti pubblici","2021","2021",26164,,
"ITE1","Toscana","REDD_MEDIO_FAM","reddito medio annuale delle famiglie (in euro)","2","esclusi fitti imputati","3","pensioni e trasferimenti pubblici","2021","2021",31985,,
"ITE1","Toscana","REDD_MEDIANO_FAM","reddito mediano annuale delle famiglie (in euro)","2","esclusi fitti imputati","4","altro ","2021","2021",22072,"n","dato statisticamente non significativo (vedasi metadati di dataset)"
"ITE1","Toscana","REDD_MEDIO_FAM","reddito medio annuale delle famiglie (in euro)","2","esclusi fitti imputati","4","altro ","2021","2021",24009,"n","dato statisticamente non significativo (vedasi metadati di dataset)"
"ITE1","Toscana","REDD_MEDIANO_FAM","reddito mediano annuale delle famiglie (in euro)","2","esclusi fitti imputati","9","totale","2021","2021",30696,,
"ITE1","Toscana","REDD_MEDIO_FAM","reddito medio annuale delle famiglie (in euro)","2","esclusi fitti imputati","9","totale","2021","2021",35815,,
"ITE2","Umbria","REDD_MEDIANO_FAM","reddito mediano annuale delle famiglie (in euro)","1","inclusi fitti imputati","9","totale","2021","2021",35825,,
"ITE2","Umbria","REDD_MEDIO_FAM","reddito medio annuale delle famiglie (in euro)","1","inclusi fitti imputati","9","totale","2021","2021",43167,,
"ITE2","Umbria","REDD_MEDIANO_FAM","reddito mediano annuale delle famiglie (in euro)","2","esclusi fitti imputati","1","lavoro dipendente","2021","2021",31958,,
"ITE2","Umbria","REDD_MEDIO_FAM","reddito medio annuale delle famiglie (in euro)","2","esclusi fitti imputati","1","lavoro dipendente","2021","2021",35998,,
"ITE2","Umbria","REDD_MEDIANO_FAM","reddito mediano annuale delle famiglie (in euro)","2","esclusi fitti imputati","2","lavoro autonomo","2021","2021",39595,,
"ITE2","Umbria","REDD_MEDIO_FAM","reddito medio annuale delle famiglie (in euro)","2","esclusi fitti imputati","2","lavoro autonomo","2021","2021",53150,,
"ITE2","Umbria","REDD_MEDIANO_FAM","reddito mediano annuale delle famiglie (in euro)","2","esclusi fitti imputati","3","pensioni e trasferimenti pubblici","2021","2021",26730,,
"ITE2","Umbria","REDD_MEDIO_FAM","reddito medio annuale delle famiglie (in euro)","2","esclusi fitti imputati","3","pensioni e trasferimenti pubblici","2021","2021",35092,,
"ITE2","Umbria","REDD_MEDIANO_FAM","reddito mediano annuale delle famiglie (in euro)","2","esclusi fitti imputati","4","altro ","2021","2021",,"0","il dato non raggiunge la metà della cifra minima considerata"
"ITE2","Umbria","REDD_MEDIO_FAM","reddito medio annuale delle famiglie (in euro)","2","esclusi fitti imputati","4","altro ","2021","2021",,"0","il dato non raggiunge la metà della cifra minima considerata"
"ITE2","Umbria","REDD_MEDIANO_FAM","reddito mediano annuale delle famiglie (in euro)","2","esclusi fitti imputati","9","totale","2021","2021",31192,,
"ITE2","Umbria","REDD_MEDIO_FAM","reddito medio annuale delle famiglie (in euro)","2","esclusi fitti imputati","9","totale","2021","2021",38011,,
"ITE3","Marche","REDD_MEDIANO_FAM","reddito mediano annuale delle famiglie (in euro)","1","inclusi fitti imputati","9","totale","2021","2021",34917,,
"ITE3","Marche","REDD_MEDIO_FAM","reddito medio annuale delle famiglie (in euro)","1","inclusi fitti imputati","9","totale","2021","2021",39186,,
"ITE3","Marche","REDD_MEDIANO_FAM","reddito mediano annuale delle famiglie (in euro)","2","esclusi fitti imputati","1","lavoro dipendente","2021","2021",36681,,
"ITE3","Marche","REDD_MEDIO_FAM","reddito medio annuale delle famiglie (in euro)","2","esclusi fitti imputati","1","lavoro dipendente","2021","2021",38399,,
"ITE3","Marche","REDD_MEDIANO_FAM","reddito mediano annuale delle famiglie (in euro)","2","esclusi fitti imputati","2","lavoro autonomo","2021","2021",36907,,
"ITE3","Marche","REDD_MEDIO_FAM","reddito medio annuale delle famiglie (in euro)","2","esclusi fitti imputati","2","lavoro autonomo","2021","2021",45720,,
"ITE3","Marche","REDD_MEDIANO_FAM","reddito mediano annuale delle famiglie (in euro)","2","esclusi fitti imputati","3","pensioni e trasferimenti pubblici","2021","2021",24312,,
"ITE3","Marche","REDD_MEDIO_FAM","reddito medio annuale delle famiglie (in euro)","2","esclusi fitti imputati","3","pensioni e trasferimenti pubblici","2021","2021",29144,,
"ITE3","Marche","REDD_MEDIANO_FAM","reddito mediano annuale delle famiglie (in euro)","2","esclusi fitti imputati","4","altro ","2021","2021",,"0","il dato non raggiunge la metà della cifra minima considerata"
"ITE3","Marche","REDD_MEDIO_FAM","reddito medio annuale delle famiglie (in euro)","2","esclusi fitti imputati","4","altro ","2021","2021",,"0","il dato non raggiunge la metà della cifra minima considerata"
"ITE3","Marche","REDD_MEDIANO_FAM","reddito mediano annuale delle famiglie (in euro)","2","esclusi fitti imputati","9","totale","2021","2021",31700,,
"ITE3","Marche","REDD_MEDIO_FAM","reddito medio annuale delle famiglie (in euro)","2","esclusi fitti imputati","9","totale","2021","2021",34730,,
"ITE4","Lazio","REDD_MEDIANO_FAM","reddito mediano annuale delle famiglie (in euro)","1","inclusi fitti imputati","9","totale","2021","2021",32565,,
"ITE4","Lazio","REDD_MEDIO_FAM","reddito medio annuale delle famiglie (in euro)","1","inclusi fitti imputati","9","totale","2021","2021",39062,,
"ITE4","Lazio","REDD_MEDIANO_FAM","reddito mediano annuale delle famiglie (in euro)","2","esclusi fitti imputati","1","lavoro dipendente","2021","2021",30467,,
"ITE4","Lazio","REDD_MEDIO_FAM","reddito medio annuale delle famiglie (in euro)","2","esclusi fitti imputati","1","lavoro dipendente","2021","2021",36598,,
"ITE4","Lazio","REDD_MEDIANO_FAM","reddito mediano annuale delle famiglie (in euro)","2","esclusi fitti imputati","2","lavoro autonomo","2021","2021",28307,,
"ITE4","Lazio","REDD_MEDIO_FAM","reddito medio annuale delle famiglie (in euro)","2","esclusi fitti imputati","2","lavoro autonomo","2021","2021",36700,,
"ITE4","Lazio","REDD_MEDIANO_FAM","reddito mediano annuale delle famiglie (in euro)","2","esclusi fitti imputati","3","pensioni e trasferimenti pubblici","2021","2021",22593,,
"ITE4","Lazio","REDD_MEDIO_FAM","reddito medio annuale delle famiglie (in euro)","2","esclusi fitti imputati","3","pensioni e trasferimenti pubblici","2021","2021",30597,,
"ITE4","Lazio","REDD_MEDIANO_FAM","reddito mediano annuale delle famiglie (in euro)","2","esclusi fitti imputati","4","altro ","2021","2021",10863,,
"ITE4","Lazio","REDD_MEDIO_FAM","reddito medio annuale delle famiglie (in euro)","2","esclusi fitti imputati","4","altro ","2021","2021",16581,,
"ITE4","Lazio","REDD_MEDIANO_FAM","reddito mediano annuale delle famiglie (in euro)","2","esclusi fitti imputati","9","totale","2021","2021",26632,,
"ITE4","Lazio","REDD_MEDIO_FAM","reddito medio annuale delle famiglie (in euro)","2","esclusi fitti imputati","9","totale","2021","2021",33205,,
"ITF","Sud","REDD_MEDIANO_FAM","reddito mediano annuale delle famiglie (in euro)","1","inclusi fitti imputati","9","totale","2021","2021",26497,,
"ITF","Sud","REDD_MEDIO_FAM","reddito medio annuale delle famiglie (in euro)","1","inclusi fitti imputati","9","totale","2021","2021",31480,,
"ITF","Sud","REDD_MEDIANO_FAM","reddito mediano annuale delle famiglie (in euro)","2","esclusi fitti imputati","1","lavoro dipendente","2021","2021",27841,,
"ITF","Sud","REDD_MEDIO_FAM","reddito medio annuale delle famiglie (in euro)","2","esclusi fitti imputati","1","lavoro dipendente","2021","2021",31834,,
"ITF","Sud","REDD_MEDIANO_FAM","reddito mediano annuale delle famiglie (in euro)","2","esclusi fitti imputati","2","lavoro autonomo","2021","2021",24430,,
"ITF","Sud","REDD_MEDIO_FAM","reddito medio annuale delle famiglie (in euro)","2","esclusi fitti imputati","2","lavoro autonomo","2021","2021",33250,,
"ITF","Sud","REDD_MEDIANO_FAM","reddito mediano annuale delle famiglie (in euro)","2","esclusi fitti imputati","3","pensioni e trasferimenti pubblici","2021","2021",19334,,
"ITF","Sud","REDD_MEDIO_FAM","reddito medio annuale delle famiglie (in euro)","2","esclusi fitti imputati","3","pensioni e trasferimenti pubblici","2021","2021",23754,,
"ITF","Sud","REDD_MEDIANO_FAM","reddito mediano annuale delle famiglie (in euro)","2","esclusi fitti imputati","4","altro ","2021","2021",11862,,
"ITF","Sud","REDD_MEDIO_FAM","reddito medio annuale delle famiglie (in euro)","2","esclusi fitti imputati","4","altro ","2021","2021",12761,,
"ITF","Sud","REDD_MEDIANO_FAM","reddito mediano annuale delle famiglie (in euro)","2","esclusi fitti imputati","9","totale","2021","2021",22665,,
"ITF","Sud","REDD_MEDIO_FAM","reddito medio annuale delle famiglie (in euro)","2","esclusi fitti imputati","9","totale","2021","2021",27467,,
"ITF1","Abruzzo","REDD_MEDIANO_FAM","reddito mediano annuale delle famiglie (in euro)","1","inclusi fitti imputati","9","totale","2021","2021",28154,,
"ITF1","Abruzzo","REDD_MEDIO_FAM","reddito medio annuale delle famiglie (in euro)","1","inclusi fitti imputati","9","totale","2021","2021",33602,,
"ITF1","Abruzzo","REDD_MEDIANO_FAM","reddito mediano annuale delle famiglie (in euro)","2","esclusi fitti imputati","1","lavoro dipendente","2021","2021",35446,,
"ITF1","Abruzzo","REDD_MEDIO_FAM","reddito medio annuale delle famiglie (in euro)","2","esclusi fitti imputati","1","lavoro dipendente","2021","2021",37621,,
"ITF1","Abruzzo","REDD_MEDIANO_FAM","reddito mediano annuale delle famiglie (in euro)","2","esclusi fitti imputati","2","lavoro autonomo","2021","2021",12560,,
"ITF1","Abruzzo","REDD_MEDIO_FAM","reddito medio annuale delle famiglie (in euro)","2","esclusi fitti imputati","2","lavoro autonomo","2021","2021",27375,,
"ITF1","Abruzzo","REDD_MEDIANO_FAM","reddito mediano annuale delle famiglie (in euro)","2","esclusi fitti imputati","3","pensioni e trasferimenti pubblici","2021","2021",19269,,
"ITF1","Abruzzo","REDD_MEDIO_FAM","reddito medio annuale delle famiglie (in euro)","2","esclusi fitti imputati","3","pensioni e trasferimenti pubblici","2021","2021",23557,,
"ITF1","Abruzzo","REDD_MEDIANO_FAM","reddito mediano annuale delle famiglie (in euro)","2","esclusi fitti imputati","4","altro ","2021","2021",,"0","il dato non raggiunge la metà della cifra minima considerata"
"ITF1","Abruzzo","REDD_MEDIO_FAM","reddito medio annuale delle famiglie (in euro)","2","esclusi fitti imputati","4","altro ","2021","2021",,"0","il dato non raggiunge la metà della cifra minima considerata"
"ITF1","Abruzzo","REDD_MEDIANO_FAM","reddito mediano annuale delle famiglie (in euro)","2","esclusi fitti imputati","9","totale","2021","2021",23299,,
"ITF1","Abruzzo","REDD_MEDIO_FAM","reddito medio annuale delle famiglie (in euro)","2","esclusi fitti imputati","9","totale","2021","2021",29021,,
"ITF2","Molise","REDD_MEDIANO_FAM","reddito mediano annuale delle famiglie (in euro)","1","inclusi fitti imputati","9","totale","2021","2021",29162,,
"ITF2","Molise","REDD_MEDIO_FAM","reddito medio annuale delle famiglie (in euro)","1","inclusi fitti imputati","9","totale","2021","2021",31098,,
"ITF2","Molise","REDD_MEDIANO_FAM","reddito mediano annuale delle famiglie (in euro)","2","esclusi fitti imputati","1","lavoro dipendente","2021","2021",29893,,
"ITF2","Molise","REDD_MEDIO_FAM","reddito medio annuale delle famiglie (in euro)","2","esclusi fitti imputati","1","lavoro dipendente","2021","2021",32827,,
"ITF2","Molise","REDD_MEDIANO_FAM","reddito mediano annuale delle famiglie (in euro)","2","esclusi fitti imputati","2","lavoro autonomo","2021","2021",32263,"n","dato statisticamente non significativo (vedasi metadati di dataset)"
"ITF2","Molise","REDD_MEDIO_FAM","reddito medio annuale delle famiglie (in euro)","2","esclusi fitti imputati","2","lavoro autonomo","2021","2021",33576,"n","dato statisticamente non significativo (vedasi metadati di dataset)"
"ITF2","Molise","REDD_MEDIANO_FAM","reddito mediano annuale delle famiglie (in euro)","2","esclusi fitti imputati","3","pensioni e trasferimenti pubblici","2021","2021",20345,,
"ITF2","Molise","REDD_MEDIO_FAM","reddito medio annuale delle famiglie (in euro)","2","esclusi fitti imputati","3","pensioni e trasferimenti pubblici","2021","2021",22620,,
"ITF2","Molise","REDD_MEDIANO_FAM","reddito mediano annuale delle famiglie (in euro)","2","esclusi fitti imputati","4","altro ","2021","2021",,"0","il dato non raggiunge la metà della cifra minima considerata"
"ITF2","Molise","REDD_MEDIO_FAM","reddito medio annuale delle famiglie (in euro)","2","esclusi fitti imputati","4","altro ","2021","2021",,"0","il dato non raggiunge la metà della cifra minima considerata"
"ITF2","Molise","REDD_MEDIANO_FAM","reddito mediano annuale delle famiglie (in euro)","2","esclusi fitti imputati","9","totale","2021","2021",25197,,
"ITF2","Molise","REDD_MEDIO_FAM","reddito medio annuale delle famiglie (in euro)","2","esclusi fitti imputati","9","totale","2021","2021",27247,,
"ITF3","Campania","REDD_MEDIANO_FAM","reddito mediano annuale delle famiglie (in euro)","1","inclusi fitti imputati","9","totale","2021","2021",25028,,
"ITF3","Campania","REDD_MEDIO_FAM","reddito medio annuale delle famiglie (in euro)","1","inclusi fitti imputati","9","totale","2021","2021",30427,,
"ITF3","Campania","REDD_MEDIANO_FAM","reddito mediano annuale delle famiglie (in euro)","2","esclusi fitti imputati","1","lavoro dipendente","2021","2021",26134,,
"ITF3","Campania","REDD_MEDIO_FAM","reddito medio annuale delle famiglie (in euro)","2","esclusi fitti imputati","1","lavoro dipendente","2021","2021",30404,,
"ITF3","Campania","REDD_MEDIANO_FAM","reddito mediano annuale delle famiglie (in euro)","2","esclusi fitti imputati","2","lavoro autonomo","2021","2021",23449,,
"ITF3","Campania","REDD_MEDIO_FAM","reddito medio annuale delle famiglie (in euro)","2","esclusi fitti imputati","2","lavoro autonomo","2021","2021",32780,,
"ITF3","Campania","REDD_MEDIANO_FAM","reddito mediano annuale delle famiglie (in euro)","2","esclusi fitti imputati","3","pensioni e trasferimenti pubblici","2021","2021",18601,,
"ITF3","Campania","REDD_MEDIO_FAM","reddito medio annuale delle famiglie (in euro)","2","esclusi fitti imputati","3","pensioni e trasferimenti pubblici","2021","2021",24026,,
"ITF3","Campania","REDD_MEDIANO_FAM","reddito mediano annuale delle famiglie (in euro)","2","esclusi fitti imputati","4","altro ","2021","2021",13098,,
"ITF3","Campania","REDD_MEDIO_FAM","reddito medio annuale delle famiglie (in euro)","2","esclusi fitti imputati","4","altro ","2021","2021",12724,,
"ITF3","Campania","REDD_MEDIANO_FAM","reddito mediano annuale delle famiglie (in euro)","2","esclusi fitti imputati","9","totale","2021","2021",21683,,
"ITF3","Campania","REDD_MEDIO_FAM","reddito medio annuale delle famiglie (in euro)","2","esclusi fitti imputati","9","totale","2021","2021",26676,,
"ITF4","Puglia","REDD_MEDIANO_FAM","reddito mediano annuale delle famiglie (in euro)","1","inclusi fitti imputati","9","totale","2021","2021",28906,,
"ITF4","Puglia","REDD_MEDIO_FAM","reddito medio annuale delle famiglie (in euro)","1","inclusi fitti imputati","9","totale","2021","2021",32421,,
"ITF4","Puglia","REDD_MEDIANO_FAM","reddito mediano annuale delle famiglie (in euro)","2","esclusi fitti imputati","1","lavoro dipendente","2021","2021",27841,,
"ITF4","Puglia","REDD_MEDIO_FAM","reddito medio annuale delle famiglie (in euro)","2","esclusi fitti imputati","1","lavoro dipendente","2021","2021",32201,,
"ITF4","Puglia","REDD_MEDIANO_FAM","reddito mediano annuale delle famiglie (in euro)","2","esclusi fitti imputati","2","lavoro autonomo","2021","2021",30285,,
"ITF4","Puglia","REDD_MEDIO_FAM","reddito medio annuale delle famiglie (in euro)","2","esclusi fitti imputati","2","lavoro autonomo","2021","2021",34577,,
"ITF4","Puglia","REDD_MEDIANO_FAM","reddito mediano annuale delle famiglie (in euro)","2","esclusi fitti imputati","3","pensioni e trasferimenti pubblici","2021","2021",20013,,
"ITF4","Puglia","REDD_MEDIO_FAM","reddito medio annuale delle famiglie (in euro)","2","esclusi fitti imputati","3","pensioni e trasferimenti pubblici","2021","2021",22885,,
"ITF4","Puglia","REDD_MEDIANO_FAM","reddito mediano annuale delle famiglie (in euro)","2","esclusi fitti imputati","4","altro ","2021","2021",10725,"n","dato statisticamente non significativo (vedasi metadati di dataset)"
"ITF4","Puglia","REDD_MEDIO_FAM","reddito medio annuale delle famiglie (in euro)","2","esclusi fitti imputati","4","altro ","2021","2021",11432,"n","dato statisticamente non significativo (vedasi metadati di dataset)"
"ITF4","Puglia","REDD_MEDIANO_FAM","reddito mediano annuale delle famiglie (in euro)","2","esclusi fitti imputati","9","totale","2021","2021",24772,,
"ITF4","Puglia","REDD_MEDIO_FAM","reddito medio annuale delle famiglie (in euro)","2","esclusi fitti imputati","9","totale","2021","2021",28097,,
"ITF5","Basilicata","REDD_MEDIANO_FAM","reddito mediano annuale delle famiglie (in euro)","1","inclusi fitti imputati","9","totale","2021","2021",26404,,
"ITF5","Basilicata","REDD_MEDIO_FAM","reddito medio annuale delle famiglie (in euro)","1","inclusi fitti imputati","9","totale","2021","2021",32705,,
"ITF5","Basilicata","REDD_MEDIANO_FAM","reddito mediano annuale delle famiglie (in euro)","2","esclusi fitti imputati","1","lavoro dipendente","2021","2021",27568,,
"ITF5","Basilicata","REDD_MEDIO_FAM","reddito medio annuale delle famiglie (in euro)","2","esclusi fitti imputati","1","lavoro dipendente","2021","2021",31565,,
"ITF5","Basilicata","REDD_MEDIANO_FAM","reddito mediano annuale delle famiglie (in euro)","2","esclusi fitti imputati","2","lavoro autonomo","2021","2021",40605,"n","dato statisticamente non significativo (vedasi metadati di dataset)"
"ITF5","Basilicata","REDD_MEDIO_FAM","reddito medio annuale delle famiglie (in euro)","2","esclusi fitti imputati","2","lavoro autonomo","2021","2021",49709,"n","dato statisticamente non significativo (vedasi metadati di dataset)"
"ITF5","Basilicata","REDD_MEDIANO_FAM","reddito mediano annuale delle famiglie (in euro)","2","esclusi fitti imputati","3","pensioni e trasferimenti pubblici","2021","2021",17880,,
"ITF5","Basilicata","REDD_MEDIO_FAM","reddito medio annuale delle famiglie (in euro)","2","esclusi fitti imputati","3","pensioni e trasferimenti pubblici","2021","2021",22694,,
"ITF5","Basilicata","REDD_MEDIANO_FAM","reddito mediano annuale delle famiglie (in euro)","2","esclusi fitti imputati","4","altro ","2021","2021",,"0","il dato non raggiunge la metà della cifra minima considerata"
"ITF5","Basilicata","REDD_MEDIO_FAM","reddito medio annuale delle famiglie (in euro)","2","esclusi fitti imputati","4","altro ","2021","2021",,"0","il dato non raggiunge la metà della cifra minima considerata"
"ITF5","Basilicata","REDD_MEDIANO_FAM","reddito mediano annuale delle famiglie (in euro)","2","esclusi fitti imputati","9","totale","2021","2021",23368,,
"ITF5","Basilicata","REDD_MEDIO_FAM","reddito medio annuale delle famiglie (in euro)","2","esclusi fitti imputati","9","totale","2021","2021",29043,,
"ITF6","Calabria","REDD_MEDIANO_FAM","reddito mediano annuale delle famiglie (in euro)","1","inclusi fitti imputati","9","totale","2021","2021",25985,,
"ITF6","Calabria","REDD_MEDIO_FAM","reddito medio annuale delle famiglie (in euro)","1","inclusi fitti imputati","9","totale","2021","2021",30691,,
"ITF6","Calabria","REDD_MEDIANO_FAM","reddito mediano annuale delle famiglie (in euro)","2","esclusi fitti imputati","1","lavoro dipendente","2021","2021",25667,,
"ITF6","Calabria","REDD_MEDIO_FAM","reddito medio annuale delle famiglie (in euro)","2","esclusi fitti imputati","1","lavoro dipendente","2021","2021",30805,,
"ITF6","Calabria","REDD_MEDIANO_FAM","reddito mediano annuale delle famiglie (in euro)","2","esclusi fitti imputati","2","lavoro autonomo","2021","2021",20148,,
"ITF6","Calabria","REDD_MEDIO_FAM","reddito medio annuale delle famiglie (in euro)","2","esclusi fitti imputati","2","lavoro autonomo","2021","2021",31049,,
"ITF6","Calabria","REDD_MEDIANO_FAM","reddito mediano annuale delle famiglie (in euro)","2","esclusi fitti imputati","3","pensioni e trasferimenti pubblici","2021","2021",18921,,
"ITF6","Calabria","REDD_MEDIO_FAM","reddito medio annuale delle famiglie (in euro)","2","esclusi fitti imputati","3","pensioni e trasferimenti pubblici","2021","2021",25256,,
"ITF6","Calabria","REDD_MEDIANO_FAM","reddito mediano annuale delle famiglie (in euro)","2","esclusi fitti imputati","4","altro ","2021","2021",,"0","il dato non raggiunge la metà della cifra minima considerata"
"ITF6","Calabria","REDD_MEDIO_FAM","reddito medio annuale delle famiglie (in euro)","2","esclusi fitti imputati","4","altro ","2021","2021",,"0","il dato non raggiunge la metà della cifra minima considerata"
"ITF6","Calabria","REDD_MEDIANO_FAM","reddito mediano annuale delle famiglie (in euro)","2","esclusi fitti imputati","9","totale","2021","2021",21573,,
"ITF6","Calabria","REDD_MEDIO_FAM","reddito medio annuale delle famiglie (in euro)","2","esclusi fitti imputati","9","totale","2021","2021",26854,,
"ITG","Isole","REDD_MEDIANO_FAM","reddito mediano annuale delle famiglie (in euro)","1","inclusi fitti imputati","9","totale","2021","2021",27358,,
"ITG","Isole","REDD_MEDIO_FAM","reddito medio annuale delle famiglie (in euro)","1","inclusi fitti imputati","9","totale","2021","2021",31129,,
"ITG","Isole","REDD_MEDIANO_FAM","reddito mediano annuale delle famiglie (in euro)","2","esclusi fitti imputati","1","lavoro dipendente","2021","2021",27617,,
"ITG","Isole","REDD_MEDIO_FAM","reddito medio annuale delle famiglie (in euro)","2","esclusi fitti imputati","1","lavoro dipendente","2021","2021",29403,,
"ITG","Isole","REDD_MEDIANO_FAM","reddito mediano annuale delle famiglie (in euro)","2","esclusi fitti imputati","2","lavoro autonomo","2021","2021",29838,,
"ITG","Isole","REDD_MEDIO_FAM","reddito medio annuale delle famiglie (in euro)","2","esclusi fitti imputati","2","lavoro autonomo","2021","2021",34422,,
"ITG","Isole","REDD_MEDIANO_FAM","reddito mediano annuale delle famiglie (in euro)","2","esclusi fitti imputati","3","pensioni e trasferimenti pubblici","2021","2021",18839,,
"ITG","Isole","REDD_MEDIO_FAM","reddito medio annuale delle famiglie (in euro)","2","esclusi fitti imputati","3","pensioni e trasferimenti pubblici","2021","2021",23697,,
"ITG","Isole","REDD_MEDIANO_FAM","reddito mediano annuale delle famiglie (in euro)","2","esclusi fitti imputati","4","altro ","2021","2021",6992,,
"ITG","Isole","REDD_MEDIO_FAM","reddito medio annuale delle famiglie (in euro)","2","esclusi fitti imputati","4","altro ","2021","2021",10130,,
"ITG","Isole","REDD_MEDIANO_FAM","reddito mediano annuale delle famiglie (in euro)","2","esclusi fitti imputati","9","totale","2021","2021",22757,,
"ITG","Isole","REDD_MEDIO_FAM","reddito medio annuale delle famiglie (in euro)","2","esclusi fitti imputati","9","totale","2021","2021",26409,,
"ITG1","Sicilia","REDD_MEDIANO_FAM","reddito mediano annuale delle famiglie (in euro)","1","inclusi fitti imputati","9","totale","2021","2021",26552,,
"ITG1","Sicilia","REDD_MEDIO_FAM","reddito medio annuale delle famiglie (in euro)","1","inclusi fitti imputati","9","totale","2021","2021",31117,,
"ITG1","Sicilia","REDD_MEDIANO_FAM","reddito mediano annuale delle famiglie (in euro)","2","esclusi fitti imputati","1","lavoro dipendente","2021","2021",26751,,
"ITG1","Sicilia","REDD_MEDIO_FAM","reddito medio annuale delle famiglie (in euro)","2","esclusi fitti imputati","1","lavoro dipendente","2021","2021",28667,,
"ITG1","Sicilia","REDD_MEDIANO_FAM","reddito mediano annuale delle famiglie (in euro)","2","esclusi fitti imputati","2","lavoro autonomo","2021","2021",27461,,
"ITG1","Sicilia","REDD_MEDIO_FAM","reddito medio annuale delle famiglie (in euro)","2","esclusi fitti imputati","2","lavoro autonomo","2021","2021",33605,,
"ITG1","Sicilia","REDD_MEDIANO_FAM","reddito mediano annuale delle famiglie (in euro)","2","esclusi fitti imputati","3","pensioni e trasferimenti pubblici","2021","2021",18839,,
"ITG1","Sicilia","REDD_MEDIO_FAM","reddito medio annuale delle famiglie (in euro)","2","esclusi fitti imputati","3","pensioni e trasferimenti pubblici","2021","2021",23949,,
"ITG1","Sicilia","REDD_MEDIANO_FAM","reddito mediano annuale delle famiglie (in euro)","2","esclusi fitti imputati","4","altro ","2021","2021",5908,"n","dato statisticamente non significativo (vedasi metadati di dataset)"
"ITG1","Sicilia","REDD_MEDIO_FAM","reddito medio annuale delle famiglie (in euro)","2","esclusi fitti imputati","4","altro ","2021","2021",10338,"n","dato statisticamente non significativo (vedasi metadati di dataset)"
"ITG1","Sicilia","REDD_MEDIANO_FAM","reddito mediano annuale delle famiglie (in euro)","2","esclusi fitti imputati","9","totale","2021","2021",22424,,
"ITG1","Sicilia","REDD_MEDIO_FAM","reddito medio annuale delle famiglie (in euro)","2","esclusi fitti imputati","9","totale","2021","2021",26322,,
"ITG2","Sardegna","REDD_MEDIANO_FAM","reddito mediano annuale delle famiglie (in euro)","1","inclusi fitti imputati","9","totale","2021","2021",28777,,
"ITG2","Sardegna","REDD_MEDIO_FAM","reddito medio annuale delle famiglie (in euro)","1","inclusi fitti imputati","9","totale","2021","2021",31162,,
"ITG2","Sardegna","REDD_MEDIANO_FAM","reddito mediano annuale delle famiglie (in euro)","2","esclusi fitti imputati","1","lavoro dipendente","2021","2021",29569,,
"ITG2","Sardegna","REDD_MEDIO_FAM","reddito medio annuale delle famiglie (in euro)","2","esclusi fitti imputati","1","lavoro dipendente","2021","2021",31498,,
"ITG2","Sardegna","REDD_MEDIANO_FAM","reddito mediano annuale delle famiglie (in euro)","2","esclusi fitti imputati","2","lavoro autonomo","2021","2021",38692,"n","dato statisticamente non significativo (vedasi metadati di dataset)"
"ITG2","Sardegna","REDD_MEDIO_FAM","reddito medio annuale delle famiglie (in euro)","2","esclusi fitti imputati","2","lavoro autonomo","2021","2021",37442,"n","dato statisticamente non significativo (vedasi metadati di dataset)"
"ITG2","Sardegna","REDD_MEDIANO_FAM","reddito mediano annuale delle famiglie (in euro)","2","esclusi fitti imputati","3","pensioni e trasferimenti pubblici","2021","2021",18694,,
"ITG2","Sardegna","REDD_MEDIO_FAM","reddito medio annuale delle famiglie (in euro)","2","esclusi fitti imputati","3","pensioni e trasferimenti pubblici","2021","2021",23008,,
"ITG2","Sardegna","REDD_MEDIANO_FAM","reddito mediano annuale delle famiglie (in euro)","2","esclusi fitti imputati","4","altro ","2021","2021",,"0","il dato non raggiunge la metà della cifra minima considerata"
"ITG2","Sardegna","REDD_MEDIO_FAM","reddito medio annuale delle famiglie (in euro)","2","esclusi fitti imputati","4","altro ","2021","2021",,"0","il dato non raggiunge la metà della cifra minima considerata"
"ITG2","Sardegna","REDD_MEDIANO_FAM","reddito mediano annuale delle famiglie (in euro)","2","esclusi fitti imputati","9","totale","2021","2021",24432,,
"ITG2","Sardegna","REDD_MEDIO_FAM","reddito medio annuale delle famiglie (in euro)","2","esclusi fitti imputati","9","totale","2021","2021",26653,,
"2","centro area metropolitana","REDD_MEDIANO_FAM","reddito mediano annuale delle famiglie (in euro)","1","inclusi fitti imputati","9","totale","2021","2021",34237,,
"2","centro area metropolitana","REDD_MEDIO_FAM","reddito medio annuale delle famiglie (in euro)","1","inclusi fitti imputati","9","totale","2021","2021",44312,,
"2","centro area metropolitana","REDD_MEDIANO_FAM","reddito mediano annuale delle famiglie (in euro)","2","esclusi fitti imputati","1","lavoro dipendente","2021","2021",32607,,
"2","centro area metropolitana","REDD_MEDIO_FAM","reddito medio annuale delle famiglie (in euro)","2","esclusi fitti imputati","1","lavoro dipendente","2021","2021",43239,,
"2","centro area metropolitana","REDD_MEDIANO_FAM","reddito mediano annuale delle famiglie (in euro)","2","esclusi fitti imputati","2","lavoro autonomo","2021","2021",33238,,
"2","centro area metropolitana","REDD_MEDIO_FAM","reddito medio annuale delle famiglie (in euro)","2","esclusi fitti imputati","2","lavoro autonomo","2021","2021",47305,,
"2","centro area metropolitana","REDD_MEDIANO_FAM","reddito mediano annuale delle famiglie (in euro)","2","esclusi fitti imputati","3","pensioni e trasferimenti pubblici","2021","2021",23728,,
"2","centro area metropolitana","REDD_MEDIO_FAM","reddito medio annuale delle famiglie (in euro)","2","esclusi fitti imputati","3","pensioni e trasferimenti pubblici","2021","2021",32580,,
"2","centro area metropolitana","REDD_MEDIANO_FAM","reddito mediano annuale delle famiglie (in euro)","2","esclusi fitti imputati","4","altro ","2021","2021",16860,,
"2","centro area metropolitana","REDD_MEDIO_FAM","reddito medio annuale delle famiglie (in euro)","2","esclusi fitti imputati","4","altro ","2021","2021",23940,,
"2","centro area metropolitana","REDD_MEDIANO_FAM","reddito mediano annuale delle famiglie (in euro)","2","esclusi fitti imputati","9","totale","2021","2021",28245,,
"2","centro area metropolitana","REDD_MEDIO_FAM","reddito medio annuale delle famiglie (in euro)","2","esclusi fitti imputati","9","totale","2021","2021",38563,,
"3","periferia area metropolitana","REDD_MEDIANO_FAM","reddito mediano annuale delle famiglie (in euro)","1","inclusi fitti imputati","9","totale","2021","2021",32334,,
"3","periferia area metropolitana","REDD_MEDIO_FAM","reddito medio annuale delle famiglie (in euro)","1","inclusi fitti imputati","9","totale","2021","2021",39364,,
"3","periferia area metropolitana","REDD_MEDIANO_FAM","reddito mediano annuale delle famiglie (in euro)","2","esclusi fitti imputati","1","lavoro dipendente","2021","2021",32554,,
"3","periferia area metropolitana","REDD_MEDIO_FAM","reddito medio annuale delle famiglie (in euro)","2","esclusi fitti imputati","1","lavoro dipendente","2021","2021",37496,,
"3","periferia area metropolitana","REDD_MEDIANO_FAM","reddito mediano annuale delle famiglie (in euro)","2","esclusi fitti imputati","2","lavoro autonomo","2021","2021",39051,,
"3","periferia area metropolitana","REDD_MEDIO_FAM","reddito medio annuale delle famiglie (in euro)","2","esclusi fitti imputati","2","lavoro autonomo","2021","2021",44184,,
"3","periferia area metropolitana","REDD_MEDIANO_FAM","reddito mediano annuale delle famiglie (in euro)","2","esclusi fitti imputati","3","pensioni e trasferimenti pubblici","2021","2021",21301,,
"3","periferia area metropolitana","REDD_MEDIO_FAM","reddito medio annuale delle famiglie (in euro)","2","esclusi fitti imputati","3","pensioni e trasferimenti pubblici","2021","2021",28977,,
"3","periferia area metropolitana","REDD_MEDIANO_FAM","reddito mediano annuale delle famiglie (in euro)","2","esclusi fitti imputati","4","altro ","2021","2021",13599,,
"3","periferia area metropolitana","REDD_MEDIO_FAM","reddito medio annuale delle famiglie (in euro)","2","esclusi fitti imputati","4","altro ","2021","2021",15012,,
"3","periferia area metropolitana","REDD_MEDIANO_FAM","reddito mediano annuale delle famiglie (in euro)","2","esclusi fitti imputati","9","totale","2021","2021",26951,,
"3","periferia area metropolitana","REDD_MEDIO_FAM","reddito medio annuale delle famiglie (in euro)","2","esclusi fitti imputati","9","totale","2021","2021",33793,,
"6","fino a 2.000 ab.","REDD_MEDIANO_FAM","reddito mediano annuale delle famiglie (in euro)","1","inclusi fitti imputati","9","totale","2021","2021",29368,,
"6","fino a 2.000 ab.","REDD_MEDIO_FAM","reddito medio annuale delle famiglie (in euro)","1","inclusi fitti imputati","9","totale","2021","2021",34787,,
"6","fino a 2.000 ab.","REDD_MEDIANO_FAM","reddito mediano annuale delle famiglie (in euro)","2","esclusi fitti imputati","1","lavoro dipendente","2021","2021",32929,,
"6","fino a 2.000 ab.","REDD_MEDIO_FAM","reddito medio annuale delle famiglie (in euro)","2","esclusi fitti imputati","1","lavoro dipendente","2021","2021",37745,,
"6","fino a 2.000 ab.","REDD_MEDIANO_FAM","reddito mediano annuale delle famiglie (in euro)","2","esclusi fitti imputati","2","lavoro autonomo","2021","2021",23969,,
"6","fino a 2.000 ab.","REDD_MEDIO_FAM","reddito medio annuale delle famiglie (in euro)","2","esclusi fitti imputati","2","lavoro autonomo","2021","2021",32393,,
"6","fino a 2.000 ab.","REDD_MEDIANO_FAM","reddito mediano annuale delle famiglie (in euro)","2","esclusi fitti imputati","3","pensioni e trasferimenti pubblici","2021","2021",18928,,
"6","fino a 2.000 ab.","REDD_MEDIO_FAM","reddito medio annuale delle famiglie (in euro)","2","esclusi fitti imputati","3","pensioni e trasferimenti pubblici","2021","2021",23080,,
"6","fino a 2.000 ab.","REDD_MEDIANO_FAM","reddito mediano annuale delle famiglie (in euro)","2","esclusi fitti imputati","4","altro ","2021","2021",12401,"n","dato statisticamente non significativo (vedasi metadati di dataset)"
"6","fino a 2.000 ab.","REDD_MEDIO_FAM","reddito medio annuale delle famiglie (in euro)","2","esclusi fitti imputati","4","altro ","2021","2021",14139,"n","dato statisticamente non significativo (vedasi metadati di dataset)"
"6","fino a 2.000 ab.","REDD_MEDIANO_FAM","reddito mediano annuale delle famiglie (in euro)","2","esclusi fitti imputati","9","totale","2021","2021",23675,,
"6","fino a 2.000 ab.","REDD_MEDIO_FAM","reddito medio annuale delle famiglie (in euro)","2","esclusi fitti imputati","9","totale","2021","2021",29698,,
"7","2.001 - 10.000 ab.","REDD_MEDIANO_FAM","reddito mediano annuale delle famiglie (in euro)","1","inclusi fitti imputati","9","totale","2021","2021",32420,,
"7","2.001 - 10.000 ab.","REDD_MEDIO_FAM","reddito medio annuale delle famiglie (in euro)","1","inclusi fitti imputati","9","totale","2021","2021",38866,,
"7","2.001 - 10.000 ab.","REDD_MEDIANO_FAM","reddito mediano annuale delle famiglie (in euro)","2","esclusi fitti imputati","1","lavoro dipendente","2021","2021",33509,,
"7","2.001 - 10.000 ab.","REDD_MEDIO_FAM","reddito medio annuale delle famiglie (in euro)","2","esclusi fitti imputati","1","lavoro dipendente","2021","2021",37343,,
"7","2.001 - 10.000 ab.","REDD_MEDIANO_FAM","reddito mediano annuale delle famiglie (in euro)","2","esclusi fitti imputati","2","lavoro autonomo","2021","2021",38256,,
"7","2.001 - 10.000 ab.","REDD_MEDIO_FAM","reddito medio annuale delle famiglie (in euro)","2","esclusi fitti imputati","2","lavoro autonomo","2021","2021",47135,,
"7","2.001 - 10.000 ab.","REDD_MEDIANO_FAM","reddito mediano annuale delle famiglie (in euro)","2","esclusi fitti imputati","3","pensioni e trasferimenti pubblici","2021","2021",21321,,
"7","2.001 - 10.000 ab.","REDD_MEDIO_FAM","reddito medio annuale delle famiglie (in euro)","2","esclusi fitti imputati","3","pensioni e trasferimenti pubblici","2021","2021",26852,,
"7","2.001 - 10.000 ab.","REDD_MEDIANO_FAM","reddito mediano annuale delle famiglie (in euro)","2","esclusi fitti imputati","4","altro ","2021","2021",11671,,
"7","2.001 - 10.000 ab.","REDD_MEDIO_FAM","reddito medio annuale delle famiglie (in euro)","2","esclusi fitti imputati","4","altro ","2021","2021",17905,,
"7","2.001 - 10.000 ab.","REDD_MEDIANO_FAM","reddito mediano annuale delle famiglie (in euro)","2","esclusi fitti imputati","9","totale","2021","2021",27249,,
"7","2.001 - 10.000 ab.","REDD_MEDIO_FAM","reddito medio annuale delle famiglie (in euro)","2","esclusi fitti imputati","9","totale","2021","2021",33476,,
"8","10.001 - 50.000 ab.","REDD_MEDIANO_FAM","reddito mediano annuale delle famiglie (in euro)","1","inclusi fitti imputati","9","totale","2021","2021",31247,,
"8","10.001 - 50.000 ab.","REDD_MEDIO_FAM","reddito medio annuale delle famiglie (in euro)","1","inclusi fitti imputati","9","totale","2021","2021",37505,,
"8","10.001 - 50.000 ab.","REDD_MEDIANO_FAM","reddito mediano annuale delle famiglie (in euro)","2","esclusi fitti imputati","1","lavoro dipendente","2021","2021",29831,,
"8","10.001 - 50.000 ab.","REDD_MEDIO_FAM","reddito medio annuale delle famiglie (in euro)","2","esclusi fitti imputati","1","lavoro dipendente","2021","2021",34666,,
"8","10.001 - 50.000 ab.","REDD_MEDIANO_FAM","reddito mediano annuale delle famiglie (in euro)","2","esclusi fitti imputati","2","lavoro autonomo","2021","2021",34678,,
"8","10.001 - 50.000 ab.","REDD_MEDIO_FAM","reddito medio annuale delle famiglie (in euro)","2","esclusi fitti imputati","2","lavoro autonomo","2021","2021",45461,,
"8","10.001 - 50.000 ab.","REDD_MEDIANO_FAM","reddito mediano annuale delle famiglie (in euro)","2","esclusi fitti imputati","3","pensioni e trasferimenti pubblici","2021","2021",21565,,
"8","10.001 - 50.000 ab.","REDD_MEDIO_FAM","reddito medio annuale delle famiglie (in euro)","2","esclusi fitti imputati","3","pensioni e trasferimenti pubblici","2021","2021",27168,,
"8","10.001 - 50.000 ab.","REDD_MEDIANO_FAM","reddito mediano annuale delle famiglie (in euro)","2","esclusi fitti imputati","4","altro ","2021","2021",14934,,
"8","10.001 - 50.000 ab.","REDD_MEDIO_FAM","reddito medio annuale delle famiglie (in euro)","2","esclusi fitti imputati","4","altro ","2021","2021",21211,,
"8","10.001 - 50.000 ab.","REDD_MEDIANO_FAM","reddito mediano annuale delle famiglie (in euro)","2","esclusi fitti imputati","9","totale","2021","2021",26282,,
"8","10.001 - 50.000 ab.","REDD_MEDIO_FAM","reddito medio annuale delle famiglie (in euro)","2","esclusi fitti imputati","9","totale","2021","2021",32212,,
"9","50.001 ab. e più","REDD_MEDIANO_FAM","reddito mediano annuale delle famiglie (in euro)","1","inclusi fitti imputati","9","totale","2021","2021",32268,,
"9","50.001 ab. e più","REDD_MEDIO_FAM","reddito medio annuale delle famiglie (in euro)","1","inclusi fitti imputati","9","totale","2021","2021",38562,,
"9","50.001 ab. e più","REDD_MEDIANO_FAM","reddito mediano annuale delle famiglie (in euro)","2","esclusi fitti imputati","1","lavoro dipendente","2021","2021",32366,,
"9","50.001 ab. e più","REDD_MEDIO_FAM","reddito medio annuale delle famiglie (in euro)","2","esclusi fitti imputati","1","lavoro dipendente","2021","2021",36258,,
"9","50.001 ab. e più","REDD_MEDIANO_FAM","reddito mediano annuale delle famiglie (in euro)","2","esclusi fitti imputati","2","lavoro autonomo","2021","2021",34181,,
"9","50.001 ab. e più","REDD_MEDIO_FAM","reddito medio annuale delle famiglie (in euro)","2","esclusi fitti imputati","2","lavoro autonomo","2021","2021",46106,,
"9","50.001 ab. e più","REDD_MEDIANO_FAM","reddito mediano annuale delle famiglie (in euro)","2","esclusi fitti imputati","3","pensioni e trasferimenti pubblici","2021","2021",23438,,
"9","50.001 ab. e più","REDD_MEDIO_FAM","reddito medio annuale delle famiglie (in euro)","2","esclusi fitti imputati","3","pensioni e trasferimenti pubblici","2021","2021",28764,,
"9","50.001 ab. e più","REDD_MEDIANO_FAM","reddito mediano annuale delle famiglie (in euro)","2","esclusi fitti imputati","4","altro ","2021","2021",11758,,
"9","50.001 ab. e più","REDD_MEDIO_FAM","reddito medio annuale delle famiglie (in euro)","2","esclusi fitti imputati","4","altro ","2021","2021",19184,,
"9","50.001 ab. e più","REDD_MEDIANO_FAM","reddito mediano annuale delle famiglie (in euro)","2","esclusi fitti imputati","9","totale","2021","2021",27524,,
"9","50.001 ab. e più","REDD_MEDIO_FAM","reddito medio annuale delle famiglie (in euro)","2","esclusi fitti imputati","9","totale","2021","2021",33649,,
